{
  "5cf6e5a2fa": {
    "class": "org.openhab.core.automation.dto.RuleDTO",
    "value": {
      "triggers": [
        {
          "id": "1",
          "configuration": {
            "itemName": "KitchenTapButtonPressed"
          },
          "type": "core.ItemStateUpdateTrigger"
        }
      ],
      "conditions": [
        {
          "inputs": {},
          "id": "3",
          "configuration": {
            "itemName": "KitchenTapPower",
            "state": "OFF",
            "operator": "\u003d"
          },
          "type": "core.ItemStateCondition"
        }
      ],
      "actions": [
        {
          "inputs": {},
          "id": "2",
          "configuration": {
            "itemName": "KitchenTapPower",
            "command": "ON"
          },
          "type": "core.ItemCommandAction"
        }
      ],
      "configuration": {},
      "configDescriptions": [],
      "uid": "5cf6e5a2fa",
      "name": "Kitchen Tap ON",
      "tags": [],
      "visibility": "VISIBLE"
    }
  }
}