{
  "LoxoneMiniserver_BedroomBedroomBlindsShade -\u003e loxone:miniserver:cf77cf5255:10FA2477-0335-5B1E-FFFFDF4FB7077150-1": {
    "class": "org.openhab.core.thing.link.ItemChannelLink",
    "value": {
      "channelUID": {
        "segments": [
          "loxone",
          "miniserver",
          "cf77cf5255",
          "10FA2477-0335-5B1E-FFFFDF4FB7077150-1"
        ],
        "uid": "loxone:miniserver:cf77cf5255:10FA2477-0335-5B1E-FFFFDF4FB7077150-1"
      },
      "configuration": {
        "properties": {}
      },
      "itemName": "LoxoneMiniserver_BedroomBedroomBlindsShade"
    }
  },
  "HueIrisLounge_Color -\u003e hue:0200:0017887829f2:3:color": {
    "class": "org.openhab.core.thing.link.ItemChannelLink",
    "value": {
      "channelUID": {
        "segments": [
          "hue",
          "0200",
          "0017887829f2",
          "3",
          "color"
        ],
        "uid": "hue:0200:0017887829f2:3:color"
      },
      "configuration": {
        "properties": {}
      },
      "itemName": "HueIrisLounge_Color"
    }
  },
  "LoxoneMiniserver_KitchenBaseCabinet2 -\u003e loxone:miniserver:cf77cf5255:10079746-0290-0B02-FFFFDF4FB7077150": {
    "class": "org.openhab.core.thing.link.ItemChannelLink",
    "value": {
      "channelUID": {
        "segments": [
          "loxone",
          "miniserver",
          "cf77cf5255",
          "10079746-0290-0B02-FFFFDF4FB7077150"
        ],
        "uid": "loxone:miniserver:cf77cf5255:10079746-0290-0B02-FFFFDF4FB7077150"
      },
      "configuration": {
        "properties": {}
      },
      "itemName": "LoxoneMiniserver_KitchenBaseCabinet2"
    }
  },
  "LoxoneMiniserver_BathroomMotionSensorBathroom2 -\u003e loxone:miniserver:cf77cf5255:10285237-032F-E130-FFFFDF4FB7077150": {
    "class": "org.openhab.core.thing.link.ItemChannelLink",
    "value": {
      "channelUID": {
        "segments": [
          "loxone",
          "miniserver",
          "cf77cf5255",
          "10285237-032F-E130-FFFFDF4FB7077150"
        ],
        "uid": "loxone:miniserver:cf77cf5255:10285237-032F-E130-FFFFDF4FB7077150"
      },
      "configuration": {
        "properties": {}
      },
      "itemName": "LoxoneMiniserver_BathroomMotionSensorBathroom2"
    }
  },
  "HallLoxone_HallMotionSensorHall -\u003e loxone:miniserver:cf77cf5255:10285275-0153-2A66-FFFFDF4FB7077150": {
    "class": "org.openhab.core.thing.link.ItemChannelLink",
    "value": {
      "channelUID": {
        "segments": [
          "loxone",
          "miniserver",
          "cf77cf5255",
          "10285275-0153-2A66-FFFFDF4FB7077150"
        ],
        "uid": "loxone:miniserver:cf77cf5255:10285275-0153-2A66-FFFFDF4FB7077150"
      },
      "configuration": {
        "properties": {}
      },
      "itemName": "HallLoxone_HallMotionSensorHall"
    }
  },
  "HueKitchenCabinet1_Color_Temperature -\u003e hue:0210:0017887829f2:8:color_temperature": {
    "class": "org.openhab.core.thing.link.ItemChannelLink",
    "value": {
      "channelUID": {
        "segments": [
          "hue",
          "0210",
          "0017887829f2",
          "8",
          "color_temperature"
        ],
        "uid": "hue:0210:0017887829f2:8:color_temperature"
      },
      "configuration": {
        "properties": {}
      },
      "itemName": "HueKitchenCabinet1_Color_Temperature"
    }
  },
  "LoxoneMiniserver_KitchenWallCabinet4 -\u003e loxone:miniserver:cf77cf5255:10079746-028E-0AF6-FFFFDF4FB7077150": {
    "class": "org.openhab.core.thing.link.ItemChannelLink",
    "value": {
      "channelUID": {
        "segments": [
          "loxone",
          "miniserver",
          "cf77cf5255",
          "10079746-028E-0AF6-FFFFDF4FB7077150"
        ],
        "uid": "loxone:miniserver:cf77cf5255:10079746-028E-0AF6-FFFFDF4FB7077150"
      },
      "configuration": {
        "properties": {}
      },
      "itemName": "LoxoneMiniserver_KitchenWallCabinet4"
    }
  },
  "HueKitchenCounter2_Color -\u003e hue:0210:0017887829f2:9:color": {
    "class": "org.openhab.core.thing.link.ItemChannelLink",
    "value": {
      "channelUID": {
        "segments": [
          "hue",
          "0210",
          "0017887829f2",
          "9",
          "color"
        ],
        "uid": "hue:0210:0017887829f2:9:color"
      },
      "configuration": {
        "properties": {}
      },
      "itemName": "HueKitchenCounter2_Color"
    }
  },
  "LoxoneMiniserver_KitchenKitchenLights -\u003e loxone:miniserver:cf77cf5255:101C7BD6-0398-A303-FFFFAD7C0A9AAEDA": {
    "class": "org.openhab.core.thing.link.ItemChannelLink",
    "value": {
      "channelUID": {
        "segments": [
          "loxone",
          "miniserver",
          "cf77cf5255",
          "101C7BD6-0398-A303-FFFFAD7C0A9AAEDA"
        ],
        "uid": "loxone:miniserver:cf77cf5255:101C7BD6-0398-A303-FFFFAD7C0A9AAEDA"
      },
      "configuration": {
        "properties": {}
      },
      "itemName": "LoxoneMiniserver_KitchenKitchenLights"
    }
  },
  "LoxoneMiniserver_BathroomMotionSensorBathroom1 -\u003e loxone:miniserver:cf77cf5255:102851D4-0306-9830-FFFFDF4FB7077150": {
    "class": "org.openhab.core.thing.link.ItemChannelLink",
    "value": {
      "channelUID": {
        "segments": [
          "loxone",
          "miniserver",
          "cf77cf5255",
          "102851D4-0306-9830-FFFFDF4FB7077150"
        ],
        "uid": "loxone:miniserver:cf77cf5255:102851D4-0306-9830-FFFFDF4FB7077150"
      },
      "configuration": {
        "properties": {}
      },
      "itemName": "LoxoneMiniserver_BathroomMotionSensorBathroom1"
    }
  },
  "LoxoneMiniserver_KitchenTop -\u003e loxone:miniserver:cf77cf5255:10079752-0072-1079-FFFFDF4FB7077150": {
    "class": "org.openhab.core.thing.link.ItemChannelLink",
    "value": {
      "channelUID": {
        "segments": [
          "loxone",
          "miniserver",
          "cf77cf5255",
          "10079752-0072-1079-FFFFDF4FB7077150"
        ],
        "uid": "loxone:miniserver:cf77cf5255:10079752-0072-1079-FFFFDF4FB7077150"
      },
      "configuration": {
        "properties": {}
      },
      "itemName": "LoxoneMiniserver_KitchenTop"
    }
  },
  "LoxoneMiniserver_BedroomBedroomBlinds -\u003e loxone:miniserver:cf77cf5255:10FA2477-0335-5B1E-FFFFDF4FB7077150": {
    "class": "org.openhab.core.thing.link.ItemChannelLink",
    "value": {
      "channelUID": {
        "segments": [
          "loxone",
          "miniserver",
          "cf77cf5255",
          "10FA2477-0335-5B1E-FFFFDF4FB7077150"
        ],
        "uid": "loxone:miniserver:cf77cf5255:10FA2477-0335-5B1E-FFFFDF4FB7077150"
      },
      "configuration": {
        "properties": {}
      },
      "itemName": "LoxoneMiniserver_BedroomBedroomBlinds"
    }
  },
  "HueKitchenCabinet3_Color -\u003e hue:0210:0017887829f2:7:color": {
    "class": "org.openhab.core.thing.link.ItemChannelLink",
    "value": {
      "channelUID": {
        "segments": [
          "hue",
          "0210",
          "0017887829f2",
          "7",
          "color"
        ],
        "uid": "hue:0210:0017887829f2:7:color"
      },
      "configuration": {
        "properties": {}
      },
      "itemName": "HueKitchenCabinet3_Color"
    }
  },
  "KitchenTapButton -\u003e hue:0820:0017887829f2:4:dimmer_switch": {
    "class": "org.openhab.core.thing.link.ItemChannelLink",
    "value": {
      "channelUID": {
        "segments": [
          "hue",
          "0820",
          "0017887829f2",
          "4",
          "dimmer_switch"
        ],
        "uid": "hue:0820:0017887829f2:4:dimmer_switch"
      },
      "configuration": {
        "properties": {}
      },
      "itemName": "KitchenTapButton"
    }
  },
  "LoxoneMiniserver_LivingRoomLivingRoomLights -\u003e loxone:miniserver:cf77cf5255:101C7BD2-03D2-9916-FFFFDF4FB7077150": {
    "class": "org.openhab.core.thing.link.ItemChannelLink",
    "value": {
      "channelUID": {
        "segments": [
          "loxone",
          "miniserver",
          "cf77cf5255",
          "101C7BD2-03D2-9916-FFFFDF4FB7077150"
        ],
        "uid": "loxone:miniserver:cf77cf5255:101C7BD2-03D2-9916-FFFFDF4FB7077150"
      },
      "configuration": {
        "properties": {}
      },
      "itemName": "LoxoneMiniserver_LivingRoomLivingRoomLights"
    }
  },
  "KitchenLoxone_KitchenMotionSensorKitchen2 -\u003e loxone:miniserver:cf77cf5255:1028538D-0271-EC63-FFFFDF4FB7077150": {
    "class": "org.openhab.core.thing.link.ItemChannelLink",
    "value": {
      "channelUID": {
        "segments": [
          "loxone",
          "miniserver",
          "cf77cf5255",
          "1028538D-0271-EC63-FFFFDF4FB7077150"
        ],
        "uid": "loxone:miniserver:cf77cf5255:1028538D-0271-EC63-FFFFDF4FB7077150"
      },
      "configuration": {
        "properties": {}
      },
      "itemName": "KitchenLoxone_KitchenMotionSensorKitchen2"
    }
  },
  "LoxoneMiniserver_HallMotionSensorHall -\u003e loxone:miniserver:cf77cf5255:10285275-0153-2A66-FFFFDF4FB7077150": {
    "class": "org.openhab.core.thing.link.ItemChannelLink",
    "value": {
      "channelUID": {
        "segments": [
          "loxone",
          "miniserver",
          "cf77cf5255",
          "10285275-0153-2A66-FFFFDF4FB7077150"
        ],
        "uid": "loxone:miniserver:cf77cf5255:10285275-0153-2A66-FFFFDF4FB7077150"
      },
      "configuration": {
        "properties": {}
      },
      "itemName": "LoxoneMiniserver_HallMotionSensorHall"
    }
  },
  "LoxoneMiniserver_HallHallTouchI3 -\u003e loxone:miniserver:cf77cf5255:101C900A-01AC-1D92-FFFFDF4FB7077150": {
    "class": "org.openhab.core.thing.link.ItemChannelLink",
    "value": {
      "channelUID": {
        "segments": [
          "loxone",
          "miniserver",
          "cf77cf5255",
          "101C900A-01AC-1D92-FFFFDF4FB7077150"
        ],
        "uid": "loxone:miniserver:cf77cf5255:101C900A-01AC-1D92-FFFFDF4FB7077150"
      },
      "configuration": {
        "properties": {}
      },
      "itemName": "LoxoneMiniserver_HallHallTouchI3"
    }
  },
  "LoxoneMiniserver_KitchenBaseCabinet3 -\u003e loxone:miniserver:cf77cf5255:10079746-0292-0B0B-FFFFDF4FB7077150": {
    "class": "org.openhab.core.thing.link.ItemChannelLink",
    "value": {
      "channelUID": {
        "segments": [
          "loxone",
          "miniserver",
          "cf77cf5255",
          "10079746-0292-0B0B-FFFFDF4FB7077150"
        ],
        "uid": "loxone:miniserver:cf77cf5255:10079746-0292-0B0B-FFFFDF4FB7077150"
      },
      "configuration": {
        "properties": {}
      },
      "itemName": "LoxoneMiniserver_KitchenBaseCabinet3"
    }
  },
  "LoxoneMiniserver_BedroomBedroomTouchI3 -\u003e loxone:miniserver:cf77cf5255:101C912F-0314-354C-FFFFDF4FB7077150": {
    "class": "org.openhab.core.thing.link.ItemChannelLink",
    "value": {
      "channelUID": {
        "segments": [
          "loxone",
          "miniserver",
          "cf77cf5255",
          "101C912F-0314-354C-FFFFDF4FB7077150"
        ],
        "uid": "loxone:miniserver:cf77cf5255:101C912F-0314-354C-FFFFDF4FB7077150"
      },
      "configuration": {
        "properties": {}
      },
      "itemName": "LoxoneMiniserver_BedroomBedroomTouchI3"
    }
  },
  "HueKitchenCabinet2_Color -\u003e hue:0210:0017887829f2:11:color": {
    "class": "org.openhab.core.thing.link.ItemChannelLink",
    "value": {
      "channelUID": {
        "segments": [
          "hue",
          "0210",
          "0017887829f2",
          "11",
          "color"
        ],
        "uid": "hue:0210:0017887829f2:11:color"
      },
      "configuration": {
        "properties": {}
      },
      "itemName": "HueKitchenCabinet2_Color"
    }
  },
  "HueKitchenCabinet4_Color_Temperature -\u003e hue:0210:0017887829f2:6:color_temperature": {
    "class": "org.openhab.core.thing.link.ItemChannelLink",
    "value": {
      "channelUID": {
        "segments": [
          "hue",
          "0210",
          "0017887829f2",
          "6",
          "color_temperature"
        ],
        "uid": "hue:0210:0017887829f2:6:color_temperature"
      },
      "configuration": {
        "properties": {}
      },
      "itemName": "HueKitchenCabinet4_Color_Temperature"
    }
  },
  "HueKitchenCounter1_Color -\u003e hue:0210:0017887829f2:10:color": {
    "class": "org.openhab.core.thing.link.ItemChannelLink",
    "value": {
      "channelUID": {
        "segments": [
          "hue",
          "0210",
          "0017887829f2",
          "10",
          "color"
        ],
        "uid": "hue:0210:0017887829f2:10:color"
      },
      "configuration": {
        "properties": {}
      },
      "itemName": "HueKitchenCounter1_Color"
    }
  },
  "HueKitchenCounters_Color -\u003e hue:0210:0017887829f2:10:color": {
    "class": "org.openhab.core.thing.link.ItemChannelLink",
    "value": {
      "channelUID": {
        "segments": [
          "hue",
          "0210",
          "0017887829f2",
          "10",
          "color"
        ],
        "uid": "hue:0210:0017887829f2:10:color"
      },
      "configuration": {
        "properties": {}
      },
      "itemName": "HueKitchenCounters_Color"
    }
  },
  "LoxoneMiniserver_KitchenWallCabinet3 -\u003e loxone:miniserver:cf77cf5255:10079746-028F-0AFC-FFFFDF4FB7077150": {
    "class": "org.openhab.core.thing.link.ItemChannelLink",
    "value": {
      "channelUID": {
        "segments": [
          "loxone",
          "miniserver",
          "cf77cf5255",
          "10079746-028F-0AFC-FFFFDF4FB7077150"
        ],
        "uid": "loxone:miniserver:cf77cf5255:10079746-028F-0AFC-FFFFDF4FB7077150"
      },
      "configuration": {
        "properties": {}
      },
      "itemName": "LoxoneMiniserver_KitchenWallCabinet3"
    }
  },
  "HueKitchenCabinet4_Color -\u003e hue:0210:0017887829f2:6:color": {
    "class": "org.openhab.core.thing.link.ItemChannelLink",
    "value": {
      "channelUID": {
        "segments": [
          "hue",
          "0210",
          "0017887829f2",
          "6",
          "color"
        ],
        "uid": "hue:0210:0017887829f2:6:color"
      },
      "configuration": {
        "properties": {}
      },
      "itemName": "HueKitchenCabinet4_Color"
    }
  },
  "HueKitchenCabinet3_Color_Temperature -\u003e hue:0210:0017887829f2:7:color_temperature": {
    "class": "org.openhab.core.thing.link.ItemChannelLink",
    "value": {
      "channelUID": {
        "segments": [
          "hue",
          "0210",
          "0017887829f2",
          "7",
          "color_temperature"
        ],
        "uid": "hue:0210:0017887829f2:7:color_temperature"
      },
      "configuration": {
        "properties": {}
      },
      "itemName": "HueKitchenCabinet3_Color_Temperature"
    }
  },
  "KitchenTapEnergy -\u003e tplinksmarthome:kp115:c3511fd3cf:power": {
    "class": "org.openhab.core.thing.link.ItemChannelLink",
    "value": {
      "channelUID": {
        "segments": [
          "tplinksmarthome",
          "kp115",
          "c3511fd3cf",
          "power"
        ],
        "uid": "tplinksmarthome:kp115:c3511fd3cf:power"
      },
      "configuration": {
        "properties": {}
      },
      "itemName": "KitchenTapEnergy"
    }
  },
  "KitchenKettleEnergy -\u003e tplinksmarthome:hs110:2c3dfc6706:power": {
    "class": "org.openhab.core.thing.link.ItemChannelLink",
    "value": {
      "channelUID": {
        "segments": [
          "tplinksmarthome",
          "hs110",
          "2c3dfc6706",
          "power"
        ],
        "uid": "tplinksmarthome:hs110:2c3dfc6706:power"
      },
      "configuration": {
        "properties": {}
      },
      "itemName": "KitchenKettleEnergy"
    }
  },
  "KitchenLoxone_KitchenMotionSensorKitchen1 -\u003e loxone:miniserver:cf77cf5255:10285332-00C6-A95A-FFFFDF4FB7077150": {
    "class": "org.openhab.core.thing.link.ItemChannelLink",
    "value": {
      "channelUID": {
        "segments": [
          "loxone",
          "miniserver",
          "cf77cf5255",
          "10285332-00C6-A95A-FFFFDF4FB7077150"
        ],
        "uid": "loxone:miniserver:cf77cf5255:10285332-00C6-A95A-FFFFDF4FB7077150"
      },
      "configuration": {
        "properties": {}
      },
      "itemName": "KitchenLoxone_KitchenMotionSensorKitchen1"
    }
  },
  "HueKitchenCounters_Color -\u003e hue:0210:0017887829f2:9:color": {
    "class": "org.openhab.core.thing.link.ItemChannelLink",
    "value": {
      "channelUID": {
        "segments": [
          "hue",
          "0210",
          "0017887829f2",
          "9",
          "color"
        ],
        "uid": "hue:0210:0017887829f2:9:color"
      },
      "configuration": {
        "properties": {}
      },
      "itemName": "HueKitchenCounters_Color"
    }
  },
  "HueTVCabinet_Color_Temperature -\u003e hue:0210:0017887829f2:5:color_temperature": {
    "class": "org.openhab.core.thing.link.ItemChannelLink",
    "value": {
      "channelUID": {
        "segments": [
          "hue",
          "0210",
          "0017887829f2",
          "5",
          "color_temperature"
        ],
        "uid": "hue:0210:0017887829f2:5:color_temperature"
      },
      "configuration": {
        "properties": {}
      },
      "itemName": "HueTVCabinet_Color_Temperature"
    }
  },
  "HueKitchenCounter1_Color_Temperature -\u003e hue:0210:0017887829f2:10:color_temperature": {
    "class": "org.openhab.core.thing.link.ItemChannelLink",
    "value": {
      "channelUID": {
        "segments": [
          "hue",
          "0210",
          "0017887829f2",
          "10",
          "color_temperature"
        ],
        "uid": "hue:0210:0017887829f2:10:color_temperature"
      },
      "configuration": {
        "properties": {}
      },
      "itemName": "HueKitchenCounter1_Color_Temperature"
    }
  },
  "LoxoneMiniserver_BedroomBedroomLights -\u003e loxone:miniserver:cf77cf5255:101C7BD6-01BF-9DC1-FFFF7D4BCFE7658A": {
    "class": "org.openhab.core.thing.link.ItemChannelLink",
    "value": {
      "channelUID": {
        "segments": [
          "loxone",
          "miniserver",
          "cf77cf5255",
          "101C7BD6-01BF-9DC1-FFFF7D4BCFE7658A"
        ],
        "uid": "loxone:miniserver:cf77cf5255:101C7BD6-01BF-9DC1-FFFF7D4BCFE7658A"
      },
      "configuration": {
        "properties": {}
      },
      "itemName": "LoxoneMiniserver_BedroomBedroomLights"
    }
  },
  "LoxoneMiniserver_KitchenWallCabinet5 -\u003e loxone:miniserver:cf77cf5255:10079746-0292-0B0E-FFFFDF4FB7077150": {
    "class": "org.openhab.core.thing.link.ItemChannelLink",
    "value": {
      "channelUID": {
        "segments": [
          "loxone",
          "miniserver",
          "cf77cf5255",
          "10079746-0292-0B0E-FFFFDF4FB7077150"
        ],
        "uid": "loxone:miniserver:cf77cf5255:10079746-0292-0B0E-FFFFDF4FB7077150"
      },
      "configuration": {
        "properties": {}
      },
      "itemName": "LoxoneMiniserver_KitchenWallCabinet5"
    }
  },
  "LoxoneMiniserver_10079746028F0AF9FFFFDF4FB7077150 -\u003e loxone:miniserver:cf77cf5255:10079746-028F-0AF9-FFFFDF4FB7077150": {
    "class": "org.openhab.core.thing.link.ItemChannelLink",
    "value": {
      "channelUID": {
        "segments": [
          "loxone",
          "miniserver",
          "cf77cf5255",
          "10079746-028F-0AF9-FFFFDF4FB7077150"
        ],
        "uid": "loxone:miniserver:cf77cf5255:10079746-028F-0AF9-FFFFDF4FB7077150"
      },
      "configuration": {
        "properties": {}
      },
      "itemName": "LoxoneMiniserver_10079746028F0AF9FFFFDF4FB7077150"
    }
  },
  "HueTVCabinet_Color -\u003e hue:0210:0017887829f2:5:color": {
    "class": "org.openhab.core.thing.link.ItemChannelLink",
    "value": {
      "channelUID": {
        "segments": [
          "hue",
          "0210",
          "0017887829f2",
          "5",
          "color"
        ],
        "uid": "hue:0210:0017887829f2:5:color"
      },
      "configuration": {
        "properties": {}
      },
      "itemName": "HueTVCabinet_Color"
    }
  },
  "LoxoneMiniserver_KitchenBottom -\u003e loxone:miniserver:cf77cf5255:10079746-0293-0B11-FFFFDF4FB7077150": {
    "class": "org.openhab.core.thing.link.ItemChannelLink",
    "value": {
      "channelUID": {
        "segments": [
          "loxone",
          "miniserver",
          "cf77cf5255",
          "10079746-0293-0B11-FFFFDF4FB7077150"
        ],
        "uid": "loxone:miniserver:cf77cf5255:10079746-0293-0B11-FFFFDF4FB7077150"
      },
      "configuration": {
        "properties": {}
      },
      "itemName": "LoxoneMiniserver_KitchenBottom"
    }
  },
  "LoxoneMiniserver_KitchenKitchenlight -\u003e loxone:miniserver:cf77cf5255:101C7BD6-0398-A303-FFFFAD7C0A9AAEDA-AI1": {
    "class": "org.openhab.core.thing.link.ItemChannelLink",
    "value": {
      "channelUID": {
        "segments": [
          "loxone",
          "miniserver",
          "cf77cf5255",
          "101C7BD6-0398-A303-FFFFAD7C0A9AAEDA-AI1"
        ],
        "uid": "loxone:miniserver:cf77cf5255:101C7BD6-0398-A303-FFFFAD7C0A9AAEDA-AI1"
      },
      "configuration": {
        "properties": {}
      },
      "itemName": "LoxoneMiniserver_KitchenKitchenlight"
    }
  },
  "LoxoneMiniserver_BathroomBathroomlight -\u003e loxone:miniserver:cf77cf5255:101C7BD7-0189-A8A1-FFFFD9B17D4EACD3-AI1": {
    "class": "org.openhab.core.thing.link.ItemChannelLink",
    "value": {
      "channelUID": {
        "segments": [
          "loxone",
          "miniserver",
          "cf77cf5255",
          "101C7BD7-0189-A8A1-FFFFD9B17D4EACD3-AI1"
        ],
        "uid": "loxone:miniserver:cf77cf5255:101C7BD7-0189-A8A1-FFFFD9B17D4EACD3-AI1"
      },
      "configuration": {
        "properties": {}
      },
      "itemName": "LoxoneMiniserver_BathroomBathroomlight"
    }
  },
  "HueKitchenCabinets_Color -\u003e hue:0210:0017887829f2:8:color": {
    "class": "org.openhab.core.thing.link.ItemChannelLink",
    "value": {
      "channelUID": {
        "segments": [
          "hue",
          "0210",
          "0017887829f2",
          "8",
          "color"
        ],
        "uid": "hue:0210:0017887829f2:8:color"
      },
      "configuration": {
        "properties": {}
      },
      "itemName": "HueKitchenCabinets_Color"
    }
  },
  "LoungeLoxone_LivingRoomMotionSensorLounge -\u003e loxone:miniserver:cf77cf5255:102853D9-0274-43D6-FFFFDF4FB7077150": {
    "class": "org.openhab.core.thing.link.ItemChannelLink",
    "value": {
      "channelUID": {
        "segments": [
          "loxone",
          "miniserver",
          "cf77cf5255",
          "102853D9-0274-43D6-FFFFDF4FB7077150"
        ],
        "uid": "loxone:miniserver:cf77cf5255:102853D9-0274-43D6-FFFFDF4FB7077150"
      },
      "configuration": {
        "properties": {}
      },
      "itemName": "LoungeLoxone_LivingRoomMotionSensorLounge"
    }
  },
  "LoxoneMiniserver_Kitchenundersink -\u003e loxone:miniserver:cf77cf5255:10079746-0290-0AFF-FFFFDF4FB7077150": {
    "class": "org.openhab.core.thing.link.ItemChannelLink",
    "value": {
      "channelUID": {
        "segments": [
          "loxone",
          "miniserver",
          "cf77cf5255",
          "10079746-0290-0AFF-FFFFDF4FB7077150"
        ],
        "uid": "loxone:miniserver:cf77cf5255:10079746-0290-0AFF-FFFFDF4FB7077150"
      },
      "configuration": {
        "properties": {}
      },
      "itemName": "LoxoneMiniserver_Kitchenundersink"
    }
  },
  "LoxoneMiniserver_BathroomBathroomLights -\u003e loxone:miniserver:cf77cf5255:101C7BD7-0189-A8A1-FFFFD9B17D4EACD3": {
    "class": "org.openhab.core.thing.link.ItemChannelLink",
    "value": {
      "channelUID": {
        "segments": [
          "loxone",
          "miniserver",
          "cf77cf5255",
          "101C7BD7-0189-A8A1-FFFFD9B17D4EACD3"
        ],
        "uid": "loxone:miniserver:cf77cf5255:101C7BD7-0189-A8A1-FFFFD9B17D4EACD3"
      },
      "configuration": {
        "properties": {}
      },
      "itemName": "LoxoneMiniserver_BathroomBathroomLights"
    }
  },
  "HueKitchenCabinet2_Color_Temperature -\u003e hue:0210:0017887829f2:11:color_temperature": {
    "class": "org.openhab.core.thing.link.ItemChannelLink",
    "value": {
      "channelUID": {
        "segments": [
          "hue",
          "0210",
          "0017887829f2",
          "11",
          "color_temperature"
        ],
        "uid": "hue:0210:0017887829f2:11:color_temperature"
      },
      "configuration": {
        "properties": {}
      },
      "itemName": "HueKitchenCabinet2_Color_Temperature"
    }
  },
  "DiningLoxone_DiningRoomMotionSensorDining1 -\u003e loxone:miniserver:cf77cf5255:1028541F-03E5-875B-FFFFDF4FB7077150": {
    "class": "org.openhab.core.thing.link.ItemChannelLink",
    "value": {
      "channelUID": {
        "segments": [
          "loxone",
          "miniserver",
          "cf77cf5255",
          "1028541F-03E5-875B-FFFFDF4FB7077150"
        ],
        "uid": "loxone:miniserver:cf77cf5255:1028541F-03E5-875B-FFFFDF4FB7077150"
      },
      "configuration": {
        "properties": {}
      },
      "itemName": "DiningLoxone_DiningRoomMotionSensorDining1"
    }
  },
  "LoxoneMiniserver_LivingRoomLivingRoomBlindsLeft -\u003e loxone:miniserver:cf77cf5255:10FA2471-00FC-5328-FFFFDF4FB7077150": {
    "class": "org.openhab.core.thing.link.ItemChannelLink",
    "value": {
      "channelUID": {
        "segments": [
          "loxone",
          "miniserver",
          "cf77cf5255",
          "10FA2471-00FC-5328-FFFFDF4FB7077150"
        ],
        "uid": "loxone:miniserver:cf77cf5255:10FA2471-00FC-5328-FFFFDF4FB7077150"
      },
      "configuration": {
        "properties": {}
      },
      "itemName": "LoxoneMiniserver_LivingRoomLivingRoomBlindsLeft"
    }
  },
  "HueIrisBedroom_Color -\u003e hue:0200:0017887829f2:4:color": {
    "class": "org.openhab.core.thing.link.ItemChannelLink",
    "value": {
      "channelUID": {
        "segments": [
          "hue",
          "0200",
          "0017887829f2",
          "4",
          "color"
        ],
        "uid": "hue:0200:0017887829f2:4:color"
      },
      "configuration": {
        "properties": {}
      },
      "itemName": "HueIrisBedroom_Color"
    }
  },
  "LoxoneMiniserver_LivingRoomLivingRoomBlindsLeft -\u003e loxone:miniserver:cf77cf5255:11F9D48E-03D6-9AA2-FFFFCEEA618B8D76": {
    "class": "org.openhab.core.thing.link.ItemChannelLink",
    "value": {
      "channelUID": {
        "segments": [
          "loxone",
          "miniserver",
          "cf77cf5255",
          "11F9D48E-03D6-9AA2-FFFFCEEA618B8D76"
        ],
        "uid": "loxone:miniserver:cf77cf5255:11F9D48E-03D6-9AA2-FFFFCEEA618B8D76"
      },
      "configuration": {
        "properties": {}
      },
      "itemName": "LoxoneMiniserver_LivingRoomLivingRoomBlindsLeft"
    }
  },
  "LoxoneMiniserver_BathroomBathroomTouchI3 -\u003e loxone:miniserver:cf77cf5255:101C7BD7-0189-A8A1-FFFFD9B17D4EACD3-AI1": {
    "class": "org.openhab.core.thing.link.ItemChannelLink",
    "value": {
      "channelUID": {
        "segments": [
          "loxone",
          "miniserver",
          "cf77cf5255",
          "101C7BD7-0189-A8A1-FFFFD9B17D4EACD3-AI1"
        ],
        "uid": "loxone:miniserver:cf77cf5255:101C7BD7-0189-A8A1-FFFFD9B17D4EACD3-AI1"
      },
      "configuration": {
        "properties": {}
      },
      "itemName": "LoxoneMiniserver_BathroomBathroomTouchI3"
    }
  },
  "KitchenTapPower -\u003e tplinksmarthome:kp115:c3511fd3cf:switch": {
    "class": "org.openhab.core.thing.link.ItemChannelLink",
    "value": {
      "channelUID": {
        "segments": [
          "tplinksmarthome",
          "kp115",
          "c3511fd3cf",
          "switch"
        ],
        "uid": "tplinksmarthome:kp115:c3511fd3cf:switch"
      },
      "configuration": {
        "properties": {}
      },
      "itemName": "KitchenTapPower"
    }
  },
  "LoxoneMiniserver_10079746028E0AF3FFFFDF4FB7077150 -\u003e loxone:miniserver:cf77cf5255:10079746-028E-0AF3-FFFFDF4FB7077150": {
    "class": "org.openhab.core.thing.link.ItemChannelLink",
    "value": {
      "channelUID": {
        "segments": [
          "loxone",
          "miniserver",
          "cf77cf5255",
          "10079746-028E-0AF3-FFFFDF4FB7077150"
        ],
        "uid": "loxone:miniserver:cf77cf5255:10079746-028E-0AF3-FFFFDF4FB7077150"
      },
      "configuration": {
        "properties": {}
      },
      "itemName": "LoxoneMiniserver_10079746028E0AF3FFFFDF4FB7077150"
    }
  },
  "LoxoneMiniserver_BedroomBedroomlight -\u003e loxone:miniserver:cf77cf5255:101C7BD6-01BF-9DC1-FFFF7D4BCFE7658A-AI1": {
    "class": "org.openhab.core.thing.link.ItemChannelLink",
    "value": {
      "channelUID": {
        "segments": [
          "loxone",
          "miniserver",
          "cf77cf5255",
          "101C7BD6-01BF-9DC1-FFFF7D4BCFE7658A-AI1"
        ],
        "uid": "loxone:miniserver:cf77cf5255:101C7BD6-01BF-9DC1-FFFF7D4BCFE7658A-AI1"
      },
      "configuration": {
        "properties": {}
      },
      "itemName": "LoxoneMiniserver_BedroomBedroomlight"
    }
  },
  "HueKitchenCounter2_Color_Temperature -\u003e hue:0210:0017887829f2:9:color_temperature": {
    "class": "org.openhab.core.thing.link.ItemChannelLink",
    "value": {
      "channelUID": {
        "segments": [
          "hue",
          "0210",
          "0017887829f2",
          "9",
          "color_temperature"
        ],
        "uid": "hue:0210:0017887829f2:9:color_temperature"
      },
      "configuration": {
        "properties": {}
      },
      "itemName": "HueKitchenCounter2_Color_Temperature"
    }
  },
  "LoxoneMiniserver_LivingRoomLivingrmlight -\u003e loxone:miniserver:cf77cf5255:101C7BD2-03D2-9916-FFFFDF4FB7077150-AI1": {
    "class": "org.openhab.core.thing.link.ItemChannelLink",
    "value": {
      "channelUID": {
        "segments": [
          "loxone",
          "miniserver",
          "cf77cf5255",
          "101C7BD2-03D2-9916-FFFFDF4FB7077150-AI1"
        ],
        "uid": "loxone:miniserver:cf77cf5255:101C7BD2-03D2-9916-FFFFDF4FB7077150-AI1"
      },
      "configuration": {
        "properties": {}
      },
      "itemName": "LoxoneMiniserver_LivingRoomLivingrmlight"
    }
  },
  "LoxoneMiniserver_KitchenKitchenTouchI3 -\u003e loxone:miniserver:cf77cf5255:101C9090-03D0-2358-FFFFDF4FB7077150": {
    "class": "org.openhab.core.thing.link.ItemChannelLink",
    "value": {
      "channelUID": {
        "segments": [
          "loxone",
          "miniserver",
          "cf77cf5255",
          "101C9090-03D0-2358-FFFFDF4FB7077150"
        ],
        "uid": "loxone:miniserver:cf77cf5255:101C9090-03D0-2358-FFFFDF4FB7077150"
      },
      "configuration": {
        "properties": {}
      },
      "itemName": "LoxoneMiniserver_KitchenKitchenTouchI3"
    }
  },
  "BedroomLoxone_BedroomMotionSensorBedroom2 -\u003e loxone:miniserver:cf77cf5255:1028518B-001E-5CB4-FFFFDF4FB7077150": {
    "class": "org.openhab.core.thing.link.ItemChannelLink",
    "value": {
      "channelUID": {
        "segments": [
          "loxone",
          "miniserver",
          "cf77cf5255",
          "1028518B-001E-5CB4-FFFFDF4FB7077150"
        ],
        "uid": "loxone:miniserver:cf77cf5255:1028518B-001E-5CB4-FFFFDF4FB7077150"
      },
      "configuration": {
        "properties": {}
      },
      "itemName": "BedroomLoxone_BedroomMotionSensorBedroom2"
    }
  },
  "KitchenTapButtonPressed -\u003e hue:0820:0017887829f2:4:last_updated": {
    "class": "org.openhab.core.thing.link.ItemChannelLink",
    "value": {
      "channelUID": {
        "segments": [
          "hue",
          "0820",
          "0017887829f2",
          "4",
          "last_updated"
        ],
        "uid": "hue:0820:0017887829f2:4:last_updated"
      },
      "configuration": {
        "properties": {}
      },
      "itemName": "KitchenTapButtonPressed"
    }
  },
  "HueKitchenCabinet1_Color -\u003e hue:0210:0017887829f2:8:color": {
    "class": "org.openhab.core.thing.link.ItemChannelLink",
    "value": {
      "channelUID": {
        "segments": [
          "hue",
          "0210",
          "0017887829f2",
          "8",
          "color"
        ],
        "uid": "hue:0210:0017887829f2:8:color"
      },
      "configuration": {
        "properties": {}
      },
      "itemName": "HueKitchenCabinet1_Color"
    }
  },
  "HueKitchenCabinets_Color -\u003e hue:0210:0017887829f2:6:color": {
    "class": "org.openhab.core.thing.link.ItemChannelLink",
    "value": {
      "channelUID": {
        "segments": [
          "hue",
          "0210",
          "0017887829f2",
          "6",
          "color"
        ],
        "uid": "hue:0210:0017887829f2:6:color"
      },
      "configuration": {
        "properties": {}
      },
      "itemName": "HueKitchenCabinets_Color"
    }
  },
  "DiningLoxone_DiningRoomMotionSensorDining2 -\u003e loxone:miniserver:cf77cf5255:10285467-01EE-CB18-FFFFDF4FB7077150": {
    "class": "org.openhab.core.thing.link.ItemChannelLink",
    "value": {
      "channelUID": {
        "segments": [
          "loxone",
          "miniserver",
          "cf77cf5255",
          "10285467-01EE-CB18-FFFFDF4FB7077150"
        ],
        "uid": "loxone:miniserver:cf77cf5255:10285467-01EE-CB18-FFFFDF4FB7077150"
      },
      "configuration": {
        "properties": {}
      },
      "itemName": "DiningLoxone_DiningRoomMotionSensorDining2"
    }
  },
  "LoxoneMiniserver_HallBell -\u003e loxone:miniserver:cf77cf5255:10273675-03A9-3549-FFFFDF4FB7077150": {
    "class": "org.openhab.core.thing.link.ItemChannelLink",
    "value": {
      "channelUID": {
        "segments": [
          "loxone",
          "miniserver",
          "cf77cf5255",
          "10273675-03A9-3549-FFFFDF4FB7077150"
        ],
        "uid": "loxone:miniserver:cf77cf5255:10273675-03A9-3549-FFFFDF4FB7077150"
      },
      "configuration": {
        "properties": {}
      },
      "itemName": "LoxoneMiniserver_HallBell"
    }
  },
  "HueKitchenCabinets_Color -\u003e hue:0210:0017887829f2:11:color": {
    "class": "org.openhab.core.thing.link.ItemChannelLink",
    "value": {
      "channelUID": {
        "segments": [
          "hue",
          "0210",
          "0017887829f2",
          "11",
          "color"
        ],
        "uid": "hue:0210:0017887829f2:11:color"
      },
      "configuration": {
        "properties": {}
      },
      "itemName": "HueKitchenCabinets_Color"
    }
  },
  "KitchenTap -\u003e hue:0820:0017887829f2:4:dimmer_switch": {
    "class": "org.openhab.core.thing.link.ItemChannelLink",
    "value": {
      "channelUID": {
        "segments": [
          "hue",
          "0820",
          "0017887829f2",
          "4",
          "dimmer_switch"
        ],
        "uid": "hue:0820:0017887829f2:4:dimmer_switch"
      },
      "configuration": {
        "properties": {}
      },
      "itemName": "KitchenTap"
    }
  },
  "LoxoneMiniserver_KitchenBaseCabinet4 -\u003e loxone:miniserver:cf77cf5255:10079746-0291-0B05-FFFFDF4FB7077150": {
    "class": "org.openhab.core.thing.link.ItemChannelLink",
    "value": {
      "channelUID": {
        "segments": [
          "loxone",
          "miniserver",
          "cf77cf5255",
          "10079746-0291-0B05-FFFFDF4FB7077150"
        ],
        "uid": "loxone:miniserver:cf77cf5255:10079746-0291-0B05-FFFFDF4FB7077150"
      },
      "configuration": {
        "properties": {}
      },
      "itemName": "LoxoneMiniserver_KitchenBaseCabinet4"
    }
  },
  "HueKitchenCabinets_Color -\u003e hue:0210:0017887829f2:7:color": {
    "class": "org.openhab.core.thing.link.ItemChannelLink",
    "value": {
      "channelUID": {
        "segments": [
          "hue",
          "0210",
          "0017887829f2",
          "7",
          "color"
        ],
        "uid": "hue:0210:0017887829f2:7:color"
      },
      "configuration": {
        "properties": {}
      },
      "itemName": "HueKitchenCabinets_Color"
    }
  },
  "BedroomLoxone_BedroomMotionSensorBedroom1 -\u003e loxone:miniserver:cf77cf5255:102854C3-0112-237C-FFFFDF4FB7077150": {
    "class": "org.openhab.core.thing.link.ItemChannelLink",
    "value": {
      "channelUID": {
        "segments": [
          "loxone",
          "miniserver",
          "cf77cf5255",
          "102854C3-0112-237C-FFFFDF4FB7077150"
        ],
        "uid": "loxone:miniserver:cf77cf5255:102854C3-0112-237C-FFFFDF4FB7077150"
      },
      "configuration": {
        "properties": {}
      },
      "itemName": "BedroomLoxone_BedroomMotionSensorBedroom1"
    }
  },
  "LoxoneMiniserver_BathroomBathroomTouchI3 -\u003e loxone:miniserver:cf77cf5255:101C90F2-01E0-2F35-FFFFDF4FB7077150": {
    "class": "org.openhab.core.thing.link.ItemChannelLink",
    "value": {
      "channelUID": {
        "segments": [
          "loxone",
          "miniserver",
          "cf77cf5255",
          "101C90F2-01E0-2F35-FFFFDF4FB7077150"
        ],
        "uid": "loxone:miniserver:cf77cf5255:101C90F2-01E0-2F35-FFFFDF4FB7077150"
      },
      "configuration": {
        "properties": {}
      },
      "itemName": "LoxoneMiniserver_BathroomBathroomTouchI3"
    }
  },
  "FridgeContactSensor_FridgeContactSensorBattery -\u003e mqtt:topic:0e2347d6bc:cc1982ba10:battery": {
    "class": "org.openhab.core.thing.link.ItemChannelLink",
    "value": {
      "channelUID": {
        "segments": [
          "mqtt",
          "topic",
          "0e2347d6bc",
          "cc1982ba10",
          "battery"
        ],
        "uid": "mqtt:topic:0e2347d6bc:cc1982ba10:battery"
      },
      "configuration": {
        "properties": {}
      },
      "itemName": "FridgeContactSensor_FridgeContactSensorBattery"
    }
  },
  "LoxoneMiniserver_LivingRoomLivingRoomTouchI3 -\u003e loxone:miniserver:cf77cf5255:101C90C1-001E-2939-FFFFDF4FB7077150": {
    "class": "org.openhab.core.thing.link.ItemChannelLink",
    "value": {
      "channelUID": {
        "segments": [
          "loxone",
          "miniserver",
          "cf77cf5255",
          "101C90C1-001E-2939-FFFFDF4FB7077150"
        ],
        "uid": "loxone:miniserver:cf77cf5255:101C90C1-001E-2939-FFFFDF4FB7077150"
      },
      "configuration": {
        "properties": {}
      },
      "itemName": "LoxoneMiniserver_LivingRoomLivingRoomTouchI3"
    }
  },
  "LoxoneMiniserver_KitchenMiddle -\u003e loxone:miniserver:cf77cf5255:10079746-0293-0B14-FFFFDF4FB7077150": {
    "class": "org.openhab.core.thing.link.ItemChannelLink",
    "value": {
      "channelUID": {
        "segments": [
          "loxone",
          "miniserver",
          "cf77cf5255",
          "10079746-0293-0B14-FFFFDF4FB7077150"
        ],
        "uid": "loxone:miniserver:cf77cf5255:10079746-0293-0B14-FFFFDF4FB7077150"
      },
      "configuration": {
        "properties": {}
      },
      "itemName": "LoxoneMiniserver_KitchenMiddle"
    }
  },
  "LoxoneMiniserver_KitchenBaseCabinet5 -\u003e loxone:miniserver:cf77cf5255:10079746-0291-0B08-FFFFDF4FB7077150": {
    "class": "org.openhab.core.thing.link.ItemChannelLink",
    "value": {
      "channelUID": {
        "segments": [
          "loxone",
          "miniserver",
          "cf77cf5255",
          "10079746-0291-0B08-FFFFDF4FB7077150"
        ],
        "uid": "loxone:miniserver:cf77cf5255:10079746-0291-0B08-FFFFDF4FB7077150"
      },
      "configuration": {
        "properties": {}
      },
      "itemName": "LoxoneMiniserver_KitchenBaseCabinet5"
    }
  }
}