{
  "HueKitchenCounters_Color": {
    "class": "org.openhab.core.items.ManagedItemProvider$PersistedItem",
    "value": {
      "groupNames": [
        "HueKitchenLights"
      ],
      "itemType": "Color",
      "tags": [
        "Control",
        "Light"
      ],
      "label": "Hue Kitchen Counters Color",
      "category": "ColorLight"
    }
  },
  "DiningLoxone_DiningRoomMotionSensorDining2": {
    "class": "org.openhab.core.items.ManagedItemProvider$PersistedItem",
    "value": {
      "groupNames": [
        "DiningLoxone"
      ],
      "itemType": "Switch",
      "tags": [
        "Status"
      ],
      "label": "Dining Motion Sensor 2",
      "category": "presence"
    }
  },
  "Sofa": {
    "class": "org.openhab.core.items.ManagedItemProvider$PersistedItem",
    "value": {
      "groupNames": [
        "Lounge"
      ],
      "itemType": "Group",
      "tags": [
        "Equipment"
      ],
      "label": "Sofa",
      "category": "sofa"
    }
  },
  "HallLoxone": {
    "class": "org.openhab.core.items.ManagedItemProvider$PersistedItem",
    "value": {
      "groupNames": [
        "Hall"
      ],
      "itemType": "Group",
      "tags": [
        "Equipment"
      ],
      "label": "Loxone Miniserver",
      "category": ""
    }
  },
  "LoxoneMiniserver_LivingRoomLivingRoomBlindsLeft": {
    "class": "org.openhab.core.items.ManagedItemProvider$PersistedItem",
    "value": {
      "groupNames": [
        "LoungeLoxone"
      ],
      "itemType": "Rollershutter",
      "tags": [
        "Control"
      ],
      "label": "Lounge Blinds Control",
      "category": "wallswitch"
    }
  },
  "SofaOccupiedRHS": {
    "class": "org.openhab.core.items.ManagedItemProvider$PersistedItem",
    "value": {
      "groupNames": [
        "Sofa"
      ],
      "itemType": "Switch",
      "tags": [
        "Presence",
        "Point"
      ],
      "label": "Sofa Occupied RHS",
      "category": "sofa"
    }
  },
  "LoxoneMiniserver_KitchenKitchenlight": {
    "class": "org.openhab.core.items.ManagedItemProvider$PersistedItem",
    "value": {
      "groupNames": [
        "KitchenLoxone"
      ],
      "itemType": "Switch",
      "tags": [
        "Control",
        "Lighting"
      ],
      "label": "Kitchen Ceiling Light",
      "category": "light"
    }
  },
  "LoxoneMiniserver_KitchenMiddle": {
    "class": "org.openhab.core.items.ManagedItemProvider$PersistedItem",
    "value": {
      "groupNames": [
        "KitchenLoxone"
      ],
      "itemType": "Switch",
      "tags": [
        "Status",
        "Opening"
      ],
      "label": "Kitchen Drawer Middle",
      "category": "switch"
    }
  },
  "KitchenKettleEnergy": {
    "class": "org.openhab.core.items.ManagedItemProvider$PersistedItem",
    "value": {
      "groupNames": [
        "Kettle"
      ],
      "itemType": "Number:Power",
      "tags": [
        "Point",
        "Power"
      ],
      "label": "Kettle Power",
      "category": "Energy"
    }
  },
  "DiningLoxone_DiningRoomMotionSensorDining1": {
    "class": "org.openhab.core.items.ManagedItemProvider$PersistedItem",
    "value": {
      "groupNames": [
        "DiningLoxone"
      ],
      "itemType": "Switch",
      "tags": [
        "Status"
      ],
      "label": "Dining Motion Sensor 1",
      "category": "presence"
    }
  },
  "LoxoneMiniserver_HallBell": {
    "class": "org.openhab.core.items.ManagedItemProvider$PersistedItem",
    "value": {
      "groupNames": [
        "Vestibule"
      ],
      "itemType": "Switch",
      "tags": [
        "Point"
      ],
      "label": "Door Bell",
      "category": ""
    }
  },
  "FridgeDoor": {
    "class": "org.openhab.core.items.ManagedItemProvider$PersistedItem",
    "value": {
      "groupNames": [
        "Kitchen"
      ],
      "itemType": "Switch",
      "tags": [
        "Status",
        "Opening"
      ],
      "label": "Fridge Door",
      "category": ""
    }
  },
  "Unassigned": {
    "class": "org.openhab.core.items.ManagedItemProvider$PersistedItem",
    "value": {
      "groupNames": [
        "GroundFloor"
      ],
      "itemType": "Group",
      "tags": [
        "Location"
      ],
      "label": "Unassigned",
      "category": ""
    }
  },
  "LoungeTVPower": {
    "class": "org.openhab.core.items.ManagedItemProvider$PersistedItem",
    "value": {
      "groupNames": [
        "LoungeTV"
      ],
      "itemType": "Number:Power",
      "tags": [
        "Point"
      ],
      "label": "Lounge TV Power",
      "category": "Energy"
    }
  },
  "KettlePressure": {
    "class": "org.openhab.core.items.ManagedItemProvider$PersistedItem",
    "value": {
      "groupNames": [
        "Kettle"
      ],
      "itemType": "Switch",
      "tags": [
        "Point",
        "Pressure"
      ],
      "label": "Kettle Pressure",
      "category": "pressure"
    }
  },
  "BedroomDrawer4_BedroomDrawer4": {
    "class": "org.openhab.core.items.ManagedItemProvider$PersistedItem",
    "value": {
      "groupNames": [
        "Drawers"
      ],
      "itemType": "Contact",
      "tags": [
        "Point"
      ],
      "label": "Bedroom Drawer 4",
      "category": ""
    }
  },
  "LoxoneMiniserver_10079746028E0AF3FFFFDF4FB7077150": {
    "class": "org.openhab.core.items.ManagedItemProvider$PersistedItem",
    "value": {
      "groupNames": [
        "KitchenLoxone"
      ],
      "itemType": "Switch",
      "tags": [
        "Control",
        "Opening"
      ],
      "label": "Kitchen Wall Cabinet 1",
      "category": "switch"
    }
  },
  "Bed": {
    "class": "org.openhab.core.items.ManagedItemProvider$PersistedItem",
    "value": {
      "groupNames": [
        "Bedroom"
      ],
      "itemType": "Group",
      "tags": [
        "Equipment"
      ],
      "label": "Bed",
      "category": ""
    }
  },
  "LoxoneMiniserver_BathroomBathroomTouchI3": {
    "class": "org.openhab.core.items.ManagedItemProvider$PersistedItem",
    "value": {
      "groupNames": [
        "BathroomLoxone"
      ],
      "itemType": "Switch",
      "tags": [
        "Control"
      ],
      "label": "Bathroom Light Switch",
      "category": "wallswitch"
    }
  },
  "LoxoneMiniserver_LivingRoomLivingRoomTouchI3": {
    "class": "org.openhab.core.items.ManagedItemProvider$PersistedItem",
    "value": {
      "groupNames": [
        "LoungeLoxone"
      ],
      "itemType": "Switch",
      "tags": [
        "Switch"
      ],
      "label": "Lounge Light Switch",
      "category": "wallswitch"
    }
  },
  "BedroomDrawer6_BedroomDrawer6": {
    "class": "org.openhab.core.items.ManagedItemProvider$PersistedItem",
    "value": {
      "groupNames": [
        "Drawers"
      ],
      "itemType": "Contact",
      "tags": [
        "Point"
      ],
      "label": "Bedroom Drawer 6",
      "category": ""
    }
  },
  "Hall": {
    "class": "org.openhab.core.items.ManagedItemProvider$PersistedItem",
    "value": {
      "groupNames": [
        "GroundFloor"
      ],
      "itemType": "Group",
      "tags": [
        "Corridor"
      ],
      "label": "Hall",
      "category": "corridor"
    }
  },
  "HallLoxone_HallMotionSensorHall": {
    "class": "org.openhab.core.items.ManagedItemProvider$PersistedItem",
    "value": {
      "groupNames": [
        "HallLoxone"
      ],
      "itemType": "Switch",
      "tags": [
        "Status"
      ],
      "label": "Hall Motion Sensor 1",
      "category": "presence"
    }
  },
  "BedroomDrawer3_BedroomDrawer3": {
    "class": "org.openhab.core.items.ManagedItemProvider$PersistedItem",
    "value": {
      "groupNames": [
        "Drawers"
      ],
      "itemType": "Contact",
      "tags": [
        "Point"
      ],
      "label": "Bedroom Drawer 3",
      "category": ""
    }
  },
  "LoxoneMiniserver_Kitchenundersink": {
    "class": "org.openhab.core.items.ManagedItemProvider$PersistedItem",
    "value": {
      "groupNames": [
        "KitchenLoxone"
      ],
      "itemType": "Switch",
      "tags": [
        "Status",
        "Opening"
      ],
      "label": "Kitchen Base Cabinet 1",
      "category": "switch"
    }
  },
  "SofaOccupiedLHS": {
    "class": "org.openhab.core.items.ManagedItemProvider$PersistedItem",
    "value": {
      "groupNames": [
        "Sofa"
      ],
      "itemType": "Switch",
      "tags": [
        "Presence",
        "Point"
      ],
      "label": "Sofa Occupied LHS",
      "category": "sofa"
    }
  },
  "HueTVCabinet_Color_Temperature": {
    "class": "org.openhab.core.items.ManagedItemProvider$PersistedItem",
    "value": {
      "groupNames": [
        "Lounge"
      ],
      "itemType": "Dimmer",
      "tags": [
        "Control"
      ],
      "label": "Hue TV Cabinet Temperature",
      "category": "ColorLight"
    }
  },
  "BedOccupiedLHS": {
    "class": "org.openhab.core.items.ManagedItemProvider$PersistedItem",
    "value": {
      "groupNames": [
        "Bed"
      ],
      "itemType": "Switch",
      "tags": [
        "Presence",
        "Point"
      ],
      "label": "Bed Occupied LHS",
      "category": "pressure"
    }
  },
  "KitchenTap": {
    "class": "org.openhab.core.items.ManagedItemProvider$PersistedItem",
    "value": {
      "groupNames": [
        "Kitchen"
      ],
      "itemType": "Group",
      "tags": [
        "Equipment"
      ],
      "label": "Kitchen Tap",
      "category": "water"
    }
  },
  "HueIrisLounge_Color": {
    "class": "org.openhab.core.items.ManagedItemProvider$PersistedItem",
    "value": {
      "groupNames": [
        "Lounge"
      ],
      "itemType": "Color",
      "tags": [
        "Point"
      ],
      "label": "Hue Iris Lounge Colour",
      "category": "ColorLight"
    }
  },
  "HueKitchenCabinet2_Color_Temperature": {
    "class": "org.openhab.core.items.ManagedItemProvider$PersistedItem",
    "value": {
      "groupNames": [
        "HueKitchenLights"
      ],
      "itemType": "Dimmer",
      "tags": [
        "Control",
        "Light"
      ],
      "label": "Hue Kitchen Cabinet 2 Temperature",
      "category": "ColorLight"
    }
  },
  "LoxoneMiniserver_KitchenKitchenTouchI3": {
    "class": "org.openhab.core.items.ManagedItemProvider$PersistedItem",
    "value": {
      "groupNames": [
        "KitchenLoxone"
      ],
      "itemType": "Switch",
      "tags": [
        "Switch"
      ],
      "label": "Kitchen Light Switch",
      "category": "wallswitch"
    }
  },
  "LoungeLoxone_LivingRoomMotionSensorLounge": {
    "class": "org.openhab.core.items.ManagedItemProvider$PersistedItem",
    "value": {
      "groupNames": [
        "LoungeLoxone"
      ],
      "itemType": "Switch",
      "tags": [
        "Status"
      ],
      "label": "Lounge Motion Sensor 1",
      "category": "presence"
    }
  },
  "KitchenTapPower": {
    "class": "org.openhab.core.items.ManagedItemProvider$PersistedItem",
    "value": {
      "groupNames": [
        "KitchenTap"
      ],
      "itemType": "Switch",
      "tags": [
        "Point"
      ],
      "label": "Kitchen Tap Power",
      "category": "Switch"
    }
  },
  "Kitchen": {
    "class": "org.openhab.core.items.ManagedItemProvider$PersistedItem",
    "value": {
      "groupNames": [
        "GroundFloor"
      ],
      "itemType": "Group",
      "tags": [
        "Kitchen"
      ],
      "label": "Kitchen",
      "category": "kitchen"
    }
  },
  "BinLid": {
    "class": "org.openhab.core.items.ManagedItemProvider$PersistedItem",
    "value": {
      "groupNames": [
        "Kitchen"
      ],
      "itemType": "Switch",
      "tags": [
        "OpenState",
        "Opening"
      ],
      "label": "Bin Lid",
      "category": ""
    }
  },
  "Drawers": {
    "class": "org.openhab.core.items.ManagedItemProvider$PersistedItem",
    "value": {
      "groupNames": [
        "Bedroom"
      ],
      "itemType": "Group",
      "tags": [
        "Equipment"
      ],
      "label": "Drawers",
      "category": ""
    }
  },
  "LoxoneMiniserver_LivingRoomLivingrmlight": {
    "class": "org.openhab.core.items.ManagedItemProvider$PersistedItem",
    "value": {
      "groupNames": [
        "LoungeLoxone"
      ],
      "itemType": "Switch",
      "tags": [
        "Control",
        "Lighting"
      ],
      "label": "Lounge Ceiling Light",
      "category": "light"
    }
  },
  "HueKitchenCabinet3_Color_Temperature": {
    "class": "org.openhab.core.items.ManagedItemProvider$PersistedItem",
    "value": {
      "groupNames": [
        "HueKitchenLights"
      ],
      "itemType": "Dimmer",
      "tags": [
        "Control",
        "Light"
      ],
      "label": "Hue Kitchen Cabinet 3 Temperature",
      "category": "ColorLight"
    }
  },
  "HueAmbianceLamp2Portable": {
    "class": "org.openhab.core.items.ManagedItemProvider$PersistedItem",
    "value": {
      "groupNames": [
        "Unassigned"
      ],
      "itemType": "Group",
      "tags": [
        "Equipment"
      ],
      "label": "Hue Ambiance Lamp 2 (Portable)",
      "category": ""
    }
  },
  "LoxoneMiniserver_KitchenTop": {
    "class": "org.openhab.core.items.ManagedItemProvider$PersistedItem",
    "value": {
      "groupNames": [
        "KitchenLoxone"
      ],
      "itemType": "Switch",
      "tags": [
        "Status",
        "Opening"
      ],
      "label": "Kitchen Drawer Top",
      "category": "switch"
    }
  },
  "HueAmbianceLamp2Portable_Brightness": {
    "class": "org.openhab.core.items.ManagedItemProvider$PersistedItem",
    "value": {
      "groupNames": [
        "HueAmbianceLamp2Portable"
      ],
      "itemType": "Dimmer",
      "tags": [
        "Point"
      ],
      "label": "Brightness",
      "category": "Light"
    }
  },
  "Dining": {
    "class": "org.openhab.core.items.ManagedItemProvider$PersistedItem",
    "value": {
      "groupNames": [
        "GroundFloor"
      ],
      "itemType": "Group",
      "tags": [
        "DiningRoom"
      ],
      "label": "Dining",
      "category": ""
    }
  },
  "Wardrobe": {
    "class": "org.openhab.core.items.ManagedItemProvider$PersistedItem",
    "value": {
      "groupNames": [
        "Bedroom"
      ],
      "itemType": "Group",
      "tags": [
        "Equipment"
      ],
      "label": "",
      "category": ""
    }
  },
  "LoxoneMiniserver_KitchenBottom": {
    "class": "org.openhab.core.items.ManagedItemProvider$PersistedItem",
    "value": {
      "groupNames": [
        "KitchenLoxone"
      ],
      "itemType": "Switch",
      "tags": [
        "Status",
        "Opening"
      ],
      "label": "Kitchen Drawer Bottom",
      "category": "switch"
    }
  },
  "LoxoneMiniserver_BedroomBedroomTouchI3": {
    "class": "org.openhab.core.items.ManagedItemProvider$PersistedItem",
    "value": {
      "groupNames": [
        "BedroomLoxone"
      ],
      "itemType": "Switch",
      "tags": [
        "Switch"
      ],
      "label": "Bedroom Light Switch",
      "category": "wallswitch"
    }
  },
  "HueIrisBedroom_Color": {
    "class": "org.openhab.core.items.ManagedItemProvider$PersistedItem",
    "value": {
      "groupNames": [
        "Bedroom"
      ],
      "itemType": "Color",
      "tags": [
        "Point"
      ],
      "label": "Hue Iris Bedroom Colour",
      "category": "ColorLight"
    }
  },
  "KettleTrigger": {
    "class": "org.openhab.core.items.ManagedItemProvider$PersistedItem",
    "value": {
      "groupNames": [
        "Kettle"
      ],
      "itemType": "Switch",
      "tags": [
        "Point"
      ],
      "label": "Kettle Trigger",
      "category": ""
    }
  },
  "HueTVCabinet_Color": {
    "class": "org.openhab.core.items.ManagedItemProvider$PersistedItem",
    "value": {
      "groupNames": [
        "Lounge"
      ],
      "itemType": "Color",
      "tags": [
        "Control"
      ],
      "label": "Hue TV Cabinet Colour",
      "category": "ColorLight"
    }
  },
  "ToiletOccupied": {
    "class": "org.openhab.core.items.ManagedItemProvider$PersistedItem",
    "value": {
      "groupNames": [
        "Toilet"
      ],
      "itemType": "Switch",
      "tags": [
        "Presence",
        "Point"
      ],
      "label": "Toilet Occupied",
      "category": "toilet"
    }
  },
  "LoxoneMiniserver_BathroomBathroomlight": {
    "class": "org.openhab.core.items.ManagedItemProvider$PersistedItem",
    "value": {
      "groupNames": [
        "BathroomLoxone"
      ],
      "itemType": "Switch",
      "tags": [
        "Control",
        "Lighting"
      ],
      "label": "Bathroom Ceiling Light",
      "category": "light"
    }
  },
  "HueKitchenCounter2_Color": {
    "class": "org.openhab.core.items.ManagedItemProvider$PersistedItem",
    "value": {
      "groupNames": [
        "HueKitchenLights"
      ],
      "itemType": "Color",
      "tags": [
        "Control",
        "Light"
      ],
      "label": "Hue Kitchen Counter 2 Colour",
      "category": "ColorLight"
    }
  },
  "BedOccupiedRHS": {
    "class": "org.openhab.core.items.ManagedItemProvider$PersistedItem",
    "value": {
      "groupNames": [
        "Bed"
      ],
      "itemType": "Switch",
      "tags": [
        "Presence",
        "Point"
      ],
      "label": "Bed Occupied RHS",
      "category": "pressure"
    }
  },
  "BedroomWardrobe1_BedroomWardrobe1": {
    "class": "org.openhab.core.items.ManagedItemProvider$PersistedItem",
    "value": {
      "groupNames": [
        "Wardrobe"
      ],
      "itemType": "Contact",
      "tags": [
        "Point"
      ],
      "label": "Bedroom Wardrobe 1",
      "category": ""
    }
  },
  "HueKitchenCounter2_Color_Temperature": {
    "class": "org.openhab.core.items.ManagedItemProvider$PersistedItem",
    "value": {
      "groupNames": [
        "HueKitchenLights"
      ],
      "itemType": "Dimmer",
      "tags": [
        "Control",
        "Light"
      ],
      "label": "Hue Kitchen Counter 2  Temperature",
      "category": "ColorLight"
    }
  },
  "HueKitchenCabinet4_Color_Temperature": {
    "class": "org.openhab.core.items.ManagedItemProvider$PersistedItem",
    "value": {
      "groupNames": [
        "HueKitchenLights"
      ],
      "itemType": "Dimmer",
      "tags": [
        "Control",
        "Light"
      ],
      "label": "Hue Kitchen Cabinet 4 Temperature",
      "category": "ColorLight"
    }
  },
  "BedroomDrawer1_BedroomDrawer1": {
    "class": "org.openhab.core.items.ManagedItemProvider$PersistedItem",
    "value": {
      "groupNames": [
        "Drawers"
      ],
      "itemType": "Contact",
      "tags": [
        "Point"
      ],
      "label": "Bedroom Drawer 1",
      "category": ""
    }
  },
  "DiningLoxone": {
    "class": "org.openhab.core.items.ManagedItemProvider$PersistedItem",
    "value": {
      "groupNames": [
        "Dining"
      ],
      "itemType": "Group",
      "tags": [
        "Equipment"
      ],
      "label": "Loxone Miniserver",
      "category": ""
    }
  },
  "LoxoneMiniserver_BedroomBedroomBlinds": {
    "class": "org.openhab.core.items.ManagedItemProvider$PersistedItem",
    "value": {
      "groupNames": [
        "BedroomLoxone"
      ],
      "itemType": "Rollershutter",
      "tags": [
        "Control"
      ],
      "label": "Bedroom Blinds Control",
      "category": "wallswitch"
    }
  },
  "BedroomDrawer2_BedroomDrawer2": {
    "class": "org.openhab.core.items.ManagedItemProvider$PersistedItem",
    "value": {
      "groupNames": [
        "Drawers"
      ],
      "itemType": "Contact",
      "tags": [
        "Point"
      ],
      "label": "Bedroom Drawer 2",
      "category": ""
    }
  },
  "KitchenLoxone_KitchenMotionSensorKitchen2": {
    "class": "org.openhab.core.items.ManagedItemProvider$PersistedItem",
    "value": {
      "groupNames": [
        "KitchenLoxone"
      ],
      "itemType": "Switch",
      "tags": [
        "Status"
      ],
      "label": "Kitchen Motion Sensor 2",
      "category": "presence"
    }
  },
  "Bathroom": {
    "class": "org.openhab.core.items.ManagedItemProvider$PersistedItem",
    "value": {
      "groupNames": [
        "GroundFloor"
      ],
      "itemType": "Group",
      "tags": [
        "Bathroom"
      ],
      "label": "Bathroom",
      "category": "bath"
    }
  },
  "BedroomLoxone_BedroomMotionSensorBedroom2": {
    "class": "org.openhab.core.items.ManagedItemProvider$PersistedItem",
    "value": {
      "groupNames": [
        "BedroomLoxone"
      ],
      "itemType": "Switch",
      "tags": [
        "Status"
      ],
      "label": "Bedroom Motion Sensor 2",
      "category": "presence"
    }
  },
  "KitchenLoxone": {
    "class": "org.openhab.core.items.ManagedItemProvider$PersistedItem",
    "value": {
      "groupNames": [
        "Kitchen"
      ],
      "itemType": "Group",
      "tags": [
        "Equipment"
      ],
      "label": "Loxone Miniserver",
      "category": ""
    }
  },
  "KitchenLoxone_KitchenMotionSensorKitchen1": {
    "class": "org.openhab.core.items.ManagedItemProvider$PersistedItem",
    "value": {
      "groupNames": [
        "KitchenLoxone"
      ],
      "itemType": "Switch",
      "tags": [
        "Status"
      ],
      "label": "Kitchen Motion Sensor 1",
      "category": "presence"
    }
  },
  "LoxoneMiniserver_BathroomMotionSensorBathroom2": {
    "class": "org.openhab.core.items.ManagedItemProvider$PersistedItem",
    "value": {
      "groupNames": [
        "BathroomLoxone"
      ],
      "itemType": "Switch",
      "tags": [
        "Status"
      ],
      "label": "Bathroom Motion Sensor 2",
      "category": "presence"
    }
  },
  "BedroomLoxone_BedroomMotionSensorBedroom1": {
    "class": "org.openhab.core.items.ManagedItemProvider$PersistedItem",
    "value": {
      "groupNames": [
        "BedroomLoxone"
      ],
      "itemType": "Switch",
      "tags": [
        "Status"
      ],
      "label": "Bedroom Motion Sensor 1",
      "category": "presence"
    }
  },
  "Lounge": {
    "class": "org.openhab.core.items.ManagedItemProvider$PersistedItem",
    "value": {
      "groupNames": [
        "GroundFloor"
      ],
      "itemType": "Group",
      "tags": [
        "LivingRoom"
      ],
      "label": "Lounge",
      "category": "sofa"
    }
  },
  "LoxoneMiniserver_BathroomMotionSensorBathroom1": {
    "class": "org.openhab.core.items.ManagedItemProvider$PersistedItem",
    "value": {
      "groupNames": [
        "BathroomLoxone"
      ],
      "itemType": "Switch",
      "tags": [
        "Status"
      ],
      "label": "Bathroom Motion Sensor 1",
      "category": "presence"
    }
  },
  "HueKitchenCounter1_Color_Temperature": {
    "class": "org.openhab.core.items.ManagedItemProvider$PersistedItem",
    "value": {
      "groupNames": [
        "HueKitchenLights"
      ],
      "itemType": "Dimmer",
      "tags": [
        "Control",
        "Light"
      ],
      "label": "Hue Kitchen Counter 1 Temperature",
      "category": "ColorLight"
    }
  },
  "LoxoneMiniserver_KitchenWallCabinet4": {
    "class": "org.openhab.core.items.ManagedItemProvider$PersistedItem",
    "value": {
      "groupNames": [
        "KitchenLoxone"
      ],
      "itemType": "Switch",
      "tags": [
        "Status",
        "Opening"
      ],
      "label": "Kitchen Wall Cabinet 4",
      "category": "switch"
    }
  },
  "LoxoneMiniserver_KitchenWallCabinet5": {
    "class": "org.openhab.core.items.ManagedItemProvider$PersistedItem",
    "value": {
      "groupNames": [
        "KitchenLoxone"
      ],
      "itemType": "Switch",
      "tags": [
        "Status",
        "Opening"
      ],
      "label": "Kitchen Wall Cabinet 5",
      "category": "switch"
    }
  },
  "LoxoneMiniserver_KitchenWallCabinet3": {
    "class": "org.openhab.core.items.ManagedItemProvider$PersistedItem",
    "value": {
      "groupNames": [
        "KitchenLoxone"
      ],
      "itemType": "Switch",
      "tags": [
        "Status",
        "Opening"
      ],
      "label": "Kitchen Wall Cabinet 3",
      "category": "switch"
    }
  },
  "HueKitchenCounter1_Color": {
    "class": "org.openhab.core.items.ManagedItemProvider$PersistedItem",
    "value": {
      "groupNames": [
        "HueKitchenLights"
      ],
      "itemType": "Color",
      "tags": [
        "Control",
        "Light"
      ],
      "label": "Hue Kitchen Counter 1 Colour",
      "category": "ColorLight"
    }
  },
  "BedroomWardrobe2_BedroomWardrobe2": {
    "class": "org.openhab.core.items.ManagedItemProvider$PersistedItem",
    "value": {
      "groupNames": [
        "Wardrobe"
      ],
      "itemType": "Contact",
      "tags": [
        "Point"
      ],
      "label": "Bedroom Wardrobe 2",
      "category": ""
    }
  },
  "LoxoneMiniserver_10079746028F0AF9FFFFDF4FB7077150": {
    "class": "org.openhab.core.items.ManagedItemProvider$PersistedItem",
    "value": {
      "groupNames": [
        "KitchenLoxone"
      ],
      "itemType": "Switch",
      "tags": [
        "Status",
        "Opening"
      ],
      "label": "Kitchen Wall Cabinet 2",
      "category": "switch"
    }
  },
  "HueKitchenCabinet1_Color": {
    "class": "org.openhab.core.items.ManagedItemProvider$PersistedItem",
    "value": {
      "groupNames": [
        "HueKitchenLights"
      ],
      "itemType": "Color",
      "tags": [
        "Control",
        "Light"
      ],
      "label": "Hue Kitchen Cabinet 1 Colour",
      "category": "ColorLight"
    }
  },
  "HueAmbianceLamp2Portable_Color_Temperature": {
    "class": "org.openhab.core.items.ManagedItemProvider$PersistedItem",
    "value": {
      "groupNames": [
        "HueAmbianceLamp2Portable"
      ],
      "itemType": "Color",
      "tags": [
        "Point"
      ],
      "label": "Color Temperature",
      "category": "ColorLight"
    }
  },
  "Toilet": {
    "class": "org.openhab.core.items.ManagedItemProvider$PersistedItem",
    "value": {
      "groupNames": [
        "Bathroom"
      ],
      "itemType": "Group",
      "tags": [
        "Equipment"
      ],
      "label": "Toilet",
      "category": "toilet"
    }
  },
  "BedroomLoxone": {
    "class": "org.openhab.core.items.ManagedItemProvider$PersistedItem",
    "value": {
      "groupNames": [
        "Bedroom"
      ],
      "itemType": "Group",
      "tags": [
        "Equipment"
      ],
      "label": "Loxone Miniserver",
      "category": ""
    }
  },
  "HueKitchenCabinet1_Color_Temperature": {
    "class": "org.openhab.core.items.ManagedItemProvider$PersistedItem",
    "value": {
      "groupNames": [
        "HueKitchenLights"
      ],
      "itemType": "Dimmer",
      "tags": [
        "Control",
        "Light"
      ],
      "label": "Hue Kitchen Cabinet 1 Temperature",
      "category": "ColorLight"
    }
  },
  "OvenDoor": {
    "class": "org.openhab.core.items.ManagedItemProvider$PersistedItem",
    "value": {
      "groupNames": [
        "Kitchen"
      ],
      "itemType": "Switch",
      "tags": [
        "Status",
        "Opening"
      ],
      "label": "Oven Door",
      "category": ""
    }
  },
  "HueKitchenLights": {
    "class": "org.openhab.core.items.ManagedItemProvider$PersistedItem",
    "value": {
      "groupNames": [
        "Kitchen"
      ],
      "itemType": "Group",
      "tags": [
        "Equipment"
      ],
      "label": "Hue Kitchen Lights",
      "category": "light"
    }
  },
  "Vestibule": {
    "class": "org.openhab.core.items.ManagedItemProvider$PersistedItem",
    "value": {
      "groupNames": [
        "GroundFloor"
      ],
      "itemType": "Group",
      "tags": [
        "Entry"
      ],
      "label": "Vestibule",
      "category": "corridor"
    }
  },
  "Kettle": {
    "class": "org.openhab.core.items.ManagedItemProvider$PersistedItem",
    "value": {
      "groupNames": [
        "Kitchen"
      ],
      "itemType": "Group",
      "tags": [
        "Equipment"
      ],
      "label": "Kettle",
      "category": ""
    }
  },
  "HueKitchenCabinet4_Color": {
    "class": "org.openhab.core.items.ManagedItemProvider$PersistedItem",
    "value": {
      "groupNames": [
        "HueKitchenLights"
      ],
      "itemType": "Color",
      "tags": [
        "Control",
        "Light"
      ],
      "label": "Hue Kitchen Cabinet 4 Colour",
      "category": "ColorLight"
    }
  },
  "BathroomLoxone": {
    "class": "org.openhab.core.items.ManagedItemProvider$PersistedItem",
    "value": {
      "groupNames": [
        "Bathroom"
      ],
      "itemType": "Group",
      "tags": [
        "Equipment"
      ],
      "label": "Loxone Miniserver",
      "category": ""
    }
  },
  "LoungeLoxone": {
    "class": "org.openhab.core.items.ManagedItemProvider$PersistedItem",
    "value": {
      "groupNames": [
        "Lounge"
      ],
      "itemType": "Group",
      "tags": [
        "Equipment"
      ],
      "label": "Loxone Miniserver",
      "category": ""
    }
  },
  "KettleAction_KettleAction": {
    "class": "org.openhab.core.items.ManagedItemProvider$PersistedItem",
    "value": {
      "groupNames": [
        "Kettle"
      ],
      "itemType": "String",
      "tags": [
        "Point"
      ],
      "label": "Kettle Action",
      "category": ""
    }
  },
  "LoungeTV": {
    "class": "org.openhab.core.items.ManagedItemProvider$PersistedItem",
    "value": {
      "groupNames": [
        "Lounge"
      ],
      "itemType": "Group",
      "tags": [
        "Equipment"
      ],
      "label": "Lounge TV",
      "category": ""
    }
  },
  "RALT": {
    "class": "org.openhab.core.items.ManagedItemProvider$PersistedItem",
    "value": {
      "groupNames": [],
      "itemType": "Group",
      "tags": [
        "House"
      ],
      "label": "RALT",
      "category": "house"
    }
  },
  "HueKitchenCabinet3_Color": {
    "class": "org.openhab.core.items.ManagedItemProvider$PersistedItem",
    "value": {
      "groupNames": [
        "HueKitchenLights"
      ],
      "itemType": "Color",
      "tags": [
        "Control",
        "Light"
      ],
      "label": "Hue Kitchen Cabinet 3 Colour",
      "category": "ColorLight"
    }
  },
  "Bedroom": {
    "class": "org.openhab.core.items.ManagedItemProvider$PersistedItem",
    "value": {
      "groupNames": [
        "GroundFloor"
      ],
      "itemType": "Group",
      "tags": [
        "Bedroom"
      ],
      "label": "Bedroom",
      "category": "bedroom"
    }
  },
  "BedroomDrawer5_BedroomDrawer5": {
    "class": "org.openhab.core.items.ManagedItemProvider$PersistedItem",
    "value": {
      "groupNames": [
        "Drawers"
      ],
      "itemType": "Contact",
      "tags": [
        "Point"
      ],
      "label": "Bedroom Drawer 5",
      "category": ""
    }
  },
  "LoxoneMiniserver_KitchenBaseCabinet5": {
    "class": "org.openhab.core.items.ManagedItemProvider$PersistedItem",
    "value": {
      "groupNames": [
        "KitchenLoxone"
      ],
      "itemType": "Switch",
      "tags": [
        "Status",
        "Opening"
      ],
      "label": "Kitchen Base Cabinet 5",
      "category": "switch"
    }
  },
  "LoxoneMiniserver_KitchenBaseCabinet4": {
    "class": "org.openhab.core.items.ManagedItemProvider$PersistedItem",
    "value": {
      "groupNames": [
        "KitchenLoxone"
      ],
      "itemType": "Switch",
      "tags": [
        "Status",
        "Opening"
      ],
      "label": "Kitchen Base Cabinet 4",
      "category": "switch"
    }
  },
  "LoxoneMiniserver_KitchenBaseCabinet3": {
    "class": "org.openhab.core.items.ManagedItemProvider$PersistedItem",
    "value": {
      "groupNames": [
        "KitchenLoxone"
      ],
      "itemType": "Switch",
      "tags": [
        "Status",
        "Opening"
      ],
      "label": "Kitchen Base Cabinet 3",
      "category": "switch"
    }
  },
  "HueKitchenCabinets_Color": {
    "class": "org.openhab.core.items.ManagedItemProvider$PersistedItem",
    "value": {
      "groupNames": [
        "HueKitchenLights"
      ],
      "itemType": "Color",
      "tags": [
        "Control",
        "Light"
      ],
      "label": "Hue Kitchen Cabinets Color",
      "category": "ColorLight"
    }
  },
  "LoxoneMiniserver_KitchenBaseCabinet2": {
    "class": "org.openhab.core.items.ManagedItemProvider$PersistedItem",
    "value": {
      "groupNames": [
        "KitchenLoxone"
      ],
      "itemType": "Switch",
      "tags": [
        "Status",
        "Opening"
      ],
      "label": "Kitchen Base Cabinet 2",
      "category": "switch"
    }
  },
  "KitchenTapButtonPressed": {
    "class": "org.openhab.core.items.ManagedItemProvider$PersistedItem",
    "value": {
      "groupNames": [
        "KitchenTap"
      ],
      "itemType": "DateTime",
      "tags": [
        "Point"
      ],
      "label": "Kitchen Tap Button Pressed",
      "category": "Time"
    }
  },
  "GroundFloor": {
    "class": "org.openhab.core.items.ManagedItemProvider$PersistedItem",
    "value": {
      "groupNames": [
        "RALT"
      ],
      "itemType": "Group",
      "tags": [
        "GroundFloor"
      ],
      "label": "GroundFloor",
      "category": "groundfloor"
    }
  },
  "HueKitchenCabinet2_Color": {
    "class": "org.openhab.core.items.ManagedItemProvider$PersistedItem",
    "value": {
      "groupNames": [
        "HueKitchenLights"
      ],
      "itemType": "Color",
      "tags": [
        "Control",
        "Light"
      ],
      "label": "Hue Kitchen Cabinet 2 Colour",
      "category": "ColorLight"
    }
  },
  "KettleFullness": {
    "class": "org.openhab.core.items.ManagedItemProvider$PersistedItem",
    "value": {
      "groupNames": [
        "Kettle"
      ],
      "itemType": "Switch",
      "tags": [
        "Point",
        "Pressure"
      ],
      "label": "Kettle Fullness",
      "category": "pressure"
    }
  },
  "LoxoneMiniserver_BedroomBedroomlight": {
    "class": "org.openhab.core.items.ManagedItemProvider$PersistedItem",
    "value": {
      "groupNames": [
        "BedroomLoxone"
      ],
      "itemType": "Switch",
      "tags": [
        "Control",
        "Lighting"
      ],
      "label": "Bedroom Ceiling Light",
      "category": "light"
    }
  }
}