{
  "RALT": {
    "class": "org.openhab.core.auth.ManagedUser",
    "value": {
      "name": "RALT",
      "passwordHash": "ni5DaP+35nvJLDrZ7Gq0e5eXj97FkN+SPEi4tkudNHEkpzG3qLaUZKf3VP+lMq5eIas4lQeNJK/oznADyQ9G5g\u003d\u003d",
      "passwordSalt": "YQx8UToFWfzvqN13W90UqLP3I1bpIIk4KNnB6Z5tfcnCE5VLrYfGNz0fIBaWKsrW4blHlQqsICNnxrqgg4Gpkw\u003d\u003d",
      "roles": [
        "administrator"
      ],
      "sessions": [
        {
          "sessionId": "d353ba0c-26f5-4e26-94ce-b94494f2d4c6",
          "refreshToken": "2135db2532a540c58c1b9b9326cf35dd",
          "createdTime": "Jul 13, 2021, 12:47:06 PM",
          "lastRefreshTime": "Aug 12, 2021, 3:44:56 PM",
          "clientId": "http://localhost:8080",
          "redirectUri": "http://localhost:8080",
          "scope": "admin",
          "sessionCookie": true
        },
        {
          "sessionId": "455517cd-a2ba-4e6c-b4ff-56e44a3adeee",
          "refreshToken": "05ff098d39fa4a359ed69c67bcd84c6a",
          "createdTime": "Aug 12, 2021, 6:17:26 PM",
          "lastRefreshTime": "Nov 9, 2021, 5:51:21 PM",
          "clientId": "http://localhost:8080",
          "redirectUri": "http://localhost:8080",
          "scope": "admin",
          "sessionCookie": true
        }
      ],
      "apiTokens": []
    }
  }
}