{
  "hue:0220:0017887829f2:2": {
    "class": "org.openhab.core.config.discovery.internal.DiscoveryResultImpl",
    "value": {
      "bridgeUID": {
        "segments": [
          "hue",
          "bridge",
          "0017887829f2"
        ],
        "uid": "hue:bridge:0017887829f2"
      },
      "thingUID": {
        "segments": [
          "hue",
          "0220",
          "0017887829f2",
          "2"
        ],
        "uid": "hue:0220:0017887829f2:2"
      },
      "thingTypeUID": {
        "segments": [
          "hue",
          "0220"
        ],
        "uid": ""
      },
      "properties": {
        "lightId": "2",
        "modelId": "LTW001",
        "uniqueId": "00:17:88:01:02:5c:9c:11-0b"
      },
      "representationProperty": "uniqueId",
      "flag": "NEW",
      "label": "Hue ambiance lamp 2",
      "timestamp": 1627482667154,
      "timeToLive": -1
    }
  },
  "hue:0220:0017887829f2:1": {
    "class": "org.openhab.core.config.discovery.internal.DiscoveryResultImpl",
    "value": {
      "bridgeUID": {
        "segments": [
          "hue",
          "bridge",
          "0017887829f2"
        ],
        "uid": "hue:bridge:0017887829f2"
      },
      "thingUID": {
        "segments": [
          "hue",
          "0220",
          "0017887829f2",
          "1"
        ],
        "uid": "hue:0220:0017887829f2:1"
      },
      "thingTypeUID": {
        "segments": [
          "hue",
          "0220"
        ],
        "uid": ""
      },
      "properties": {
        "lightId": "1",
        "modelId": "LTW001",
        "uniqueId": "00:17:88:01:02:5c:85:ec-0b"
      },
      "representationProperty": "uniqueId",
      "flag": "NEW",
      "label": "Hue ambiance lamp 1",
      "timestamp": 1627482667154,
      "timeToLive": -1
    }
  },
  "hue:group:0017887829f2:3": {
    "class": "org.openhab.core.config.discovery.internal.DiscoveryResultImpl",
    "value": {
      "bridgeUID": {
        "segments": [
          "hue",
          "bridge",
          "0017887829f2"
        ],
        "uid": "hue:bridge:0017887829f2"
      },
      "thingUID": {
        "segments": [
          "hue",
          "group",
          "0017887829f2",
          "3"
        ],
        "uid": "hue:group:0017887829f2:3"
      },
      "thingTypeUID": {
        "segments": [
          "hue",
          "group"
        ],
        "uid": ""
      },
      "properties": {
        "groupId": "3"
      },
      "representationProperty": "groupId",
      "flag": "NEW",
      "label": "kitchen (Room)",
      "timestamp": 1627637958008,
      "timeToLive": -1
    }
  },
  "tplinksmarthome:hs110:F52F42": {
    "class": "org.openhab.core.config.discovery.internal.DiscoveryResultImpl",
    "value": {
      "thingUID": {
        "segments": [
          "tplinksmarthome",
          "hs110",
          "F52F42"
        ],
        "uid": "tplinksmarthome:hs110:F52F42"
      },
      "thingTypeUID": {
        "segments": [
          "tplinksmarthome",
          "hs110"
        ],
        "uid": ""
      },
      "properties": {
        "hardware version": "2.1",
        "sofware version": "1.5.10 Build 191125 Rel.094314",
        "ipAddress": "192.168.1.244",
        "type": "IOT.SMARTPLUGSWITCH",
        "deviceId": "80067A0320E9908AFE21EE7D0026AA511AF52F42",
        "mac": "D8:0D:17:23:45:D1",
        "oem id": "AB8C79FE7869756511CDC455BDFE41EA",
        "feature": "TIM:ENE",
        "firmware id": "00000000000000000000000000000000",
        "hardware id": "0750E2C15BB77902833ABF45366B8E9A",
        "model": "HS110(UK)",
        "device name": "Smart Wi-Fi Plug With Energy Monitoring"
      },
      "representationProperty": "deviceId",
      "flag": "IGNORED",
      "label": "Kettle Plug",
      "timestamp": 1628156470478,
      "timeToLive": -1
    }
  },
  "hue:0840:0017887829f2:3": {
    "class": "org.openhab.core.config.discovery.internal.DiscoveryResultImpl",
    "value": {
      "bridgeUID": {
        "segments": [
          "hue",
          "bridge",
          "0017887829f2"
        ],
        "uid": "hue:bridge:0017887829f2"
      },
      "thingUID": {
        "segments": [
          "hue",
          "0840",
          "0017887829f2",
          "3"
        ],
        "uid": "hue:0840:0017887829f2:3"
      },
      "thingTypeUID": {
        "segments": [
          "hue",
          "0840"
        ],
        "uid": ""
      },
      "properties": {
        "modelId": "PHWA01",
        "uniqueId": "WA0001",
        "sensorId": "3"
      },
      "representationProperty": "uniqueId",
      "flag": "NEW",
      "label": "Dimmer Switch 2 SceneCycle",
      "timestamp": 1627482665743,
      "timeToLive": -1
    }
  },
  "hue:0820:0017887829f2:2": {
    "class": "org.openhab.core.config.discovery.internal.DiscoveryResultImpl",
    "value": {
      "bridgeUID": {
        "segments": [
          "hue",
          "bridge",
          "0017887829f2"
        ],
        "uid": "hue:bridge:0017887829f2"
      },
      "thingUID": {
        "segments": [
          "hue",
          "0820",
          "0017887829f2",
          "2"
        ],
        "uid": "hue:0820:0017887829f2:2"
      },
      "thingTypeUID": {
        "segments": [
          "hue",
          "0820"
        ],
        "uid": ""
      },
      "properties": {
        "modelId": "RWL021",
        "uniqueId": "00:17:88:01:02:19:9c:37-02-fc00",
        "sensorId": "2"
      },
      "representationProperty": "uniqueId",
      "flag": "NEW",
      "label": "Hue dimmer switch 1",
      "timestamp": 1627482665743,
      "timeToLive": -1
    }
  },
  "hue:group:0017887829f2:0": {
    "class": "org.openhab.core.config.discovery.internal.DiscoveryResultImpl",
    "value": {
      "bridgeUID": {
        "segments": [
          "hue",
          "bridge",
          "0017887829f2"
        ],
        "uid": "hue:bridge:0017887829f2"
      },
      "thingUID": {
        "segments": [
          "hue",
          "group",
          "0017887829f2",
          "0"
        ],
        "uid": "hue:group:0017887829f2:0"
      },
      "thingTypeUID": {
        "segments": [
          "hue",
          "group"
        ],
        "uid": ""
      },
      "properties": {
        "groupId": "0"
      },
      "representationProperty": "groupId",
      "flag": "NEW",
      "label": "All lights (LightGroup)",
      "timestamp": 1627482667258,
      "timeToLive": -1
    }
  },
  "hue:group:0017887829f2:1": {
    "class": "org.openhab.core.config.discovery.internal.DiscoveryResultImpl",
    "value": {
      "bridgeUID": {
        "segments": [
          "hue",
          "bridge",
          "0017887829f2"
        ],
        "uid": "hue:bridge:0017887829f2"
      },
      "thingUID": {
        "segments": [
          "hue",
          "group",
          "0017887829f2",
          "1"
        ],
        "uid": "hue:group:0017887829f2:1"
      },
      "thingTypeUID": {
        "segments": [
          "hue",
          "group"
        ],
        "uid": ""
      },
      "properties": {
        "groupId": "1"
      },
      "representationProperty": "groupId",
      "flag": "NEW",
      "label": "living room (Room)",
      "timestamp": 1627482667259,
      "timeToLive": -1
    }
  },
  "hue:group:0017887829f2:2": {
    "class": "org.openhab.core.config.discovery.internal.DiscoveryResultImpl",
    "value": {
      "bridgeUID": {
        "segments": [
          "hue",
          "bridge",
          "0017887829f2"
        ],
        "uid": "hue:bridge:0017887829f2"
      },
      "thingUID": {
        "segments": [
          "hue",
          "group",
          "0017887829f2",
          "2"
        ],
        "uid": "hue:group:0017887829f2:2"
      },
      "thingTypeUID": {
        "segments": [
          "hue",
          "group"
        ],
        "uid": ""
      },
      "properties": {
        "groupId": "2"
      },
      "representationProperty": "groupId",
      "flag": "NEW",
      "label": "bedroom (Room)",
      "timestamp": 1627482667259,
      "timeToLive": -1
    }
  }
}