{
  "alexa:LoxoneMiniserver_LivingRoomLivingRoomBlindsLeft": {
    "class": "org.openhab.core.items.Metadata",
    "value": {
      "key": {
        "segments": [
          "alexa",
          "LoxoneMiniserver_LivingRoomLivingRoomBlindsLeft"
        ],
        "uid": "alexa:LoxoneMiniserver_LivingRoomLivingRoomBlindsLeft"
      },
      "value": "Blind",
      "configuration": {}
    }
  },
  "alexa:LoxoneMiniserver_BedroomBedroomBlinds": {
    "class": "org.openhab.core.items.Metadata",
    "value": {
      "key": {
        "segments": [
          "alexa",
          "LoxoneMiniserver_BedroomBedroomBlinds"
        ],
        "uid": "alexa:LoxoneMiniserver_BedroomBedroomBlinds"
      },
      "value": "Blind",
      "configuration": {}
    }
  }
}