{
  "b83c8f63f3": {
    "class": "org.openhab.core.automation.dto.RuleDTO",
    "value": {
      "triggers": [
        {
          "id": "1",
          "configuration": {
            "thingUID": "hue:0820:0017887829f2:4",
            "channelUID": "hue:0820:0017887829f2:4:dimmer_switch_event"
          },
          "type": "core.ChannelEventTrigger"
        }
      ],
      "conditions": [],
      "actions": [
        {
          "inputs": {},
          "id": "4",
          "configuration": {
            "type": "application/javascript",
            "script": "var tap_switch \u003d itemRegistry.getItem(\"KitchenTapPower\");\n\nvar tap_state \u003d tap_switch.state;\n\nif (tap_state \u003d\u003d \"ON\") {\n  events.sendCommand(tap_switch, \"OFF\");\n}\n\nif (tap_state \u003d\u003d \"OFF\") {\n  events.sendCommand(tap_switch, \"ON\");\n}"
          },
          "type": "script.ScriptAction"
        }
      ],
      "configuration": {},
      "configDescriptions": [],
      "uid": "b83c8f63f3",
      "name": "Kitchen Tap Pressed",
      "tags": [],
      "visibility": "VISIBLE"
    }
  },
  "24f929c7ac": {
    "class": "org.openhab.core.automation.dto.RuleDTO",
    "value": {
      "triggers": [
        {
          "id": "1",
          "configuration": {
            "itemName": "KettleMotionSensor_KettleMotionSensorAngle"
          },
          "type": "core.ItemStateUpdateTrigger"
        }
      ],
      "conditions": [],
      "actions": [
        {
          "inputs": {},
          "id": "2",
          "configuration": {
            "type": "application/javascript",
            "script": "var kettle_trigger \u003d itemRegistry.getItem(\"KettleTrigger\");\n\nevents.sendCommand(kettle_trigger, \"ON\");"
          },
          "type": "script.ScriptAction"
        }
      ],
      "configuration": {},
      "configDescriptions": [],
      "uid": "24f929c7ac",
      "name": "Kettle Action",
      "tags": [],
      "visibility": "VISIBLE"
    }
  }
}