{
  "tplinksmarthome:kp115:6DBEC0": {
    "class": "org.openhab.core.config.discovery.internal.DiscoveryResultImpl",
    "value": {
      "thingUID": {
        "segments": [
          "tplinksmarthome",
          "kp115",
          "6DBEC0"
        ],
        "uid": "tplinksmarthome:kp115:6DBEC0"
      },
      "thingTypeUID": {
        "segments": [
          "tplinksmarthome",
          "kp115"
        ],
        "uid": ""
      },
      "properties": {
        "hardware version": "1.0",
        "feature": "TIM:ENE",
        "sofware version": "1.0.16 Build 210205 Rel.163735",
        "hardware id": "39E8408ED974DD69D8A77D9F8781637E",
        "ipAddress": "192.168.1.50",
        "model": "KP115(UK)",
        "device name": "Smart Wi-Fi Plug Mini",
        "type": "IOT.SMARTPLUGSWITCH",
        "deviceId": "8006F4C6E4677ECEAC0E8B3D13EAEB9E1E6DBEC0",
        "mac": "C0:06:C3:70:27:0E",
        "oem id": "C7A36E0C2D4BAB44DED6EF0870AC707F"
      },
      "representationProperty": "deviceId",
      "flag": "IGNORED",
      "label": "Kitchen Tap Power",
      "timestamp": 1636541889858,
      "timeToLive": -1
    }
  },
  "hue:group:0017887829f2:3": {
    "class": "org.openhab.core.config.discovery.internal.DiscoveryResultImpl",
    "value": {
      "bridgeUID": {
        "segments": [
          "hue",
          "bridge",
          "0017887829f2"
        ],
        "uid": "hue:bridge:0017887829f2"
      },
      "thingUID": {
        "segments": [
          "hue",
          "group",
          "0017887829f2",
          "3"
        ],
        "uid": "hue:group:0017887829f2:3"
      },
      "thingTypeUID": {
        "segments": [
          "hue",
          "group"
        ],
        "uid": ""
      },
      "properties": {
        "groupId": "3"
      },
      "representationProperty": "groupId",
      "flag": "NEW",
      "label": "kitchen (Room)",
      "timestamp": 1635326411516,
      "timeToLive": -1
    }
  },
  "tplinksmarthome:hs110:F52F42": {
    "class": "org.openhab.core.config.discovery.internal.DiscoveryResultImpl",
    "value": {
      "thingUID": {
        "segments": [
          "tplinksmarthome",
          "hs110",
          "F52F42"
        ],
        "uid": "tplinksmarthome:hs110:F52F42"
      },
      "thingTypeUID": {
        "segments": [
          "tplinksmarthome",
          "hs110"
        ],
        "uid": ""
      },
      "properties": {
        "hardware version": "2.1",
        "sofware version": "1.5.10 Build 191125 Rel.094314",
        "ipAddress": "192.168.1.244",
        "type": "IOT.SMARTPLUGSWITCH",
        "deviceId": "80067A0320E9908AFE21EE7D0026AA511AF52F42",
        "mac": "D8:0D:17:23:45:D1",
        "oem id": "AB8C79FE7869756511CDC455BDFE41EA",
        "feature": "TIM:ENE",
        "firmware id": "00000000000000000000000000000000",
        "hardware id": "0750E2C15BB77902833ABF45366B8E9A",
        "model": "HS110(UK)",
        "device name": "Smart Wi-Fi Plug With Energy Monitoring"
      },
      "representationProperty": "deviceId",
      "flag": "IGNORED",
      "label": "Kettle Plug",
      "timestamp": 1636541889859,
      "timeToLive": -1
    }
  },
  "hue:0840:0017887829f2:3": {
    "class": "org.openhab.core.config.discovery.internal.DiscoveryResultImpl",
    "value": {
      "bridgeUID": {
        "segments": [
          "hue",
          "bridge",
          "0017887829f2"
        ],
        "uid": "hue:bridge:0017887829f2"
      },
      "thingUID": {
        "segments": [
          "hue",
          "0840",
          "0017887829f2",
          "3"
        ],
        "uid": "hue:0840:0017887829f2:3"
      },
      "thingTypeUID": {
        "segments": [
          "hue",
          "0840"
        ],
        "uid": ""
      },
      "properties": {
        "modelId": "PHWA01",
        "uniqueId": "WA0001",
        "sensorId": "3"
      },
      "representationProperty": "uniqueId",
      "flag": "NEW",
      "label": "Dimmer Switch 2 SceneCycle",
      "timestamp": 1635326412263,
      "timeToLive": -1
    }
  },
  "hue:0820:0017887829f2:2": {
    "class": "org.openhab.core.config.discovery.internal.DiscoveryResultImpl",
    "value": {
      "bridgeUID": {
        "segments": [
          "hue",
          "bridge",
          "0017887829f2"
        ],
        "uid": "hue:bridge:0017887829f2"
      },
      "thingUID": {
        "segments": [
          "hue",
          "0820",
          "0017887829f2",
          "2"
        ],
        "uid": "hue:0820:0017887829f2:2"
      },
      "thingTypeUID": {
        "segments": [
          "hue",
          "0820"
        ],
        "uid": ""
      },
      "properties": {
        "modelId": "RWL021",
        "uniqueId": "00:17:88:01:02:19:9c:37-02-fc00",
        "sensorId": "2"
      },
      "representationProperty": "uniqueId",
      "flag": "NEW",
      "label": "Hue dimmer switch 1",
      "timestamp": 1635326412262,
      "timeToLive": -1
    }
  },
  "tplinksmarthome:kp115:6D4C6F": {
    "class": "org.openhab.core.config.discovery.internal.DiscoveryResultImpl",
    "value": {
      "thingUID": {
        "segments": [
          "tplinksmarthome",
          "kp115",
          "6D4C6F"
        ],
        "uid": "tplinksmarthome:kp115:6D4C6F"
      },
      "thingTypeUID": {
        "segments": [
          "tplinksmarthome",
          "kp115"
        ],
        "uid": ""
      },
      "properties": {
        "hardware version": "1.0",
        "feature": "TIM:ENE",
        "sofware version": "1.0.16 Build 210205 Rel.163735",
        "hardware id": "39E8408ED974DD69D8A77D9F8781637E",
        "ipAddress": "192.168.1.136",
        "model": "KP115(UK)",
        "device name": "Smart Wi-Fi Plug Mini",
        "type": "IOT.SMARTPLUGSWITCH",
        "deviceId": "8006EC998AAA05D6FDE8783B6171179E1E6D4C6F",
        "mac": "C0:06:C3:70:26:AC",
        "oem id": "C7A36E0C2D4BAB44DED6EF0870AC707F"
      },
      "representationProperty": "deviceId",
      "flag": "IGNORED",
      "label": "Lounge TV",
      "timestamp": 1636541889858,
      "timeToLive": -1
    }
  },
  "hue:group:0017887829f2:0": {
    "class": "org.openhab.core.config.discovery.internal.DiscoveryResultImpl",
    "value": {
      "bridgeUID": {
        "segments": [
          "hue",
          "bridge",
          "0017887829f2"
        ],
        "uid": "hue:bridge:0017887829f2"
      },
      "thingUID": {
        "segments": [
          "hue",
          "group",
          "0017887829f2",
          "0"
        ],
        "uid": "hue:group:0017887829f2:0"
      },
      "thingTypeUID": {
        "segments": [
          "hue",
          "group"
        ],
        "uid": ""
      },
      "properties": {
        "groupId": "0"
      },
      "representationProperty": "groupId",
      "flag": "NEW",
      "label": "All lights (LightGroup)",
      "timestamp": 1635326411505,
      "timeToLive": -1
    }
  },
  "hue:group:0017887829f2:1": {
    "class": "org.openhab.core.config.discovery.internal.DiscoveryResultImpl",
    "value": {
      "bridgeUID": {
        "segments": [
          "hue",
          "bridge",
          "0017887829f2"
        ],
        "uid": "hue:bridge:0017887829f2"
      },
      "thingUID": {
        "segments": [
          "hue",
          "group",
          "0017887829f2",
          "1"
        ],
        "uid": "hue:group:0017887829f2:1"
      },
      "thingTypeUID": {
        "segments": [
          "hue",
          "group"
        ],
        "uid": ""
      },
      "properties": {
        "groupId": "1"
      },
      "representationProperty": "groupId",
      "flag": "NEW",
      "label": "living room (Room)",
      "timestamp": 1635326411506,
      "timeToLive": -1
    }
  },
  "hue:group:0017887829f2:2": {
    "class": "org.openhab.core.config.discovery.internal.DiscoveryResultImpl",
    "value": {
      "bridgeUID": {
        "segments": [
          "hue",
          "bridge",
          "0017887829f2"
        ],
        "uid": "hue:bridge:0017887829f2"
      },
      "thingUID": {
        "segments": [
          "hue",
          "group",
          "0017887829f2",
          "2"
        ],
        "uid": "hue:group:0017887829f2:2"
      },
      "thingTypeUID": {
        "segments": [
          "hue",
          "group"
        ],
        "uid": ""
      },
      "properties": {
        "groupId": "2"
      },
      "representationProperty": "groupId",
      "flag": "NEW",
      "label": "bedroom (Room)",
      "timestamp": 1635326411515,
      "timeToLive": -1
    }
  }
}